starttime	seconds	ctime	dtime	ttime	wait
Mon Jul 25 21:37:38 2016	1469493458	0	12	12	12
Mon Jul 25 21:37:38 2016	1469493458	0	12	12	12
Mon Jul 25 21:37:38 2016	1469493458	0	12	12	12
Mon Jul 25 21:37:38 2016	1469493458	0	12	12	12
Mon Jul 25 21:37:38 2016	1469493458	2	10	12	10
Mon Jul 25 21:37:38 2016	1469493458	2	11	12	11
Mon Jul 25 21:37:38 2016	1469493458	2	11	12	11
Mon Jul 25 21:37:38 2016	1469493458	1	11	12	11
Mon Jul 25 21:37:38 2016	1469493458	1	11	12	11
Mon Jul 25 21:37:38 2016	1469493458	1	11	12	11
Mon Jul 25 21:37:38 2016	1469493458	2	11	12	10
Mon Jul 25 21:37:38 2016	1469493458	0	12	12	12
Mon Jul 25 21:37:38 2016	1469493458	0	12	12	12
Mon Jul 25 21:37:38 2016	1469493458	8	6	13	5
Mon Jul 25 21:37:38 2016	1469493458	1	12	13	12
Mon Jul 25 21:37:38 2016	1469493458	8	6	13	5
Mon Jul 25 21:37:38 2016	1469493458	8	6	13	5
Mon Jul 25 21:37:38 2016	1469493458	8	6	13	5
Mon Jul 25 21:37:38 2016	1469493458	8	6	13	5
Mon Jul 25 21:37:38 2016	1469493458	8	6	13	5
Mon Jul 25 21:37:38 2016	1469493458	8	6	13	5
Mon Jul 25 21:37:38 2016	1469493458	1	12	13	12
Mon Jul 25 21:37:38 2016	1469493458	8	5	13	4
Mon Jul 25 21:37:38 2016	1469493458	8	6	14	5
Mon Jul 25 21:37:38 2016	1469493458	8	5	14	5
Mon Jul 25 21:37:38 2016	1469493458	8	5	14	5
Mon Jul 25 21:37:38 2016	1469493458	8	6	14	5
Mon Jul 25 21:37:38 2016	1469493458	8	6	14	5
Mon Jul 25 21:37:38 2016	1469493458	8	6	14	5
Mon Jul 25 21:37:38 2016	1469493458	8	6	14	5
Mon Jul 25 21:37:38 2016	1469493458	8	6	14	5
Mon Jul 25 21:37:38 2016	1469493458	2	12	14	12
Mon Jul 25 21:37:38 2016	1469493458	2	12	14	12
Mon Jul 25 21:37:38 2016	1469493458	8	6	14	6
Mon Jul 25 21:37:38 2016	1469493458	0	14	14	14
Mon Jul 25 21:37:38 2016	1469493458	2	12	14	12
Mon Jul 25 21:37:38 2016	1469493458	2	12	14	12
Mon Jul 25 21:37:38 2016	1469493458	2	13	14	12
Mon Jul 25 21:37:38 2016	1469493458	2	13	14	13
Mon Jul 25 21:37:38 2016	1469493458	2	13	14	13
Mon Jul 25 21:37:38 2016	1469493458	2	13	14	13
Mon Jul 25 21:37:38 2016	1469493458	1	13	14	13
Mon Jul 25 21:37:38 2016	1469493458	4	11	14	10
Mon Jul 25 21:37:38 2016	1469493458	1	13	14	13
Mon Jul 25 21:37:38 2016	1469493458	4	10	14	7
Mon Jul 25 21:37:38 2016	1469493458	4	11	15	10
Mon Jul 25 21:37:38 2016	1469493458	4	11	15	10
Mon Jul 25 21:37:38 2016	1469493458	4	11	15	10
Mon Jul 25 21:37:38 2016	1469493458	1	13	15	13
Mon Jul 25 21:37:38 2016	1469493458	1	13	15	13
Mon Jul 25 21:37:38 2016	1469493458	1	13	15	13
Mon Jul 25 21:37:38 2016	1469493458	1	14	15	14
Mon Jul 25 21:37:38 2016	1469493458	2	13	15	13
Mon Jul 25 21:37:38 2016	1469493458	7	8	15	6
Mon Jul 25 21:37:38 2016	1469493458	7	8	15	6
Mon Jul 25 21:37:38 2016	1469493458	6	8	15	6
Mon Jul 25 21:37:38 2016	1469493458	7	8	15	6
Mon Jul 25 21:37:38 2016	1469493458	1	13	15	13
Mon Jul 25 21:37:38 2016	1469493458	1	13	15	13
Mon Jul 25 21:37:38 2016	1469493458	4	10	15	7
Mon Jul 25 21:37:38 2016	1469493458	4	11	15	10
Mon Jul 25 21:37:38 2016	1469493458	1	14	15	14
Mon Jul 25 21:37:38 2016	1469493458	7	8	15	6
Mon Jul 25 21:37:38 2016	1469493458	4	11	15	10
Mon Jul 25 21:37:38 2016	1469493458	1	14	15	13
Mon Jul 25 21:37:38 2016	1469493458	1	13	15	13
Mon Jul 25 21:37:38 2016	1469493458	1	14	15	13
Mon Jul 25 21:37:38 2016	1469493458	7	8	15	6
Mon Jul 25 21:37:38 2016	1469493458	4	11	15	10
Mon Jul 25 21:37:38 2016	1469493458	0	15	15	15
Mon Jul 25 21:37:38 2016	1469493458	1	14	15	14
Mon Jul 25 21:37:38 2016	1469493458	0	15	15	15
Mon Jul 25 21:37:38 2016	1469493458	7	8	15	6
Mon Jul 25 21:37:38 2016	1469493458	1	14	15	14
Mon Jul 25 21:37:38 2016	1469493458	1	14	15	14
Mon Jul 25 21:37:38 2016	1469493458	7	8	15	6
Mon Jul 25 21:37:38 2016	1469493458	1	14	15	14
Mon Jul 25 21:37:38 2016	1469493458	7	8	15	6
Mon Jul 25 21:37:38 2016	1469493458	0	15	15	15
Mon Jul 25 21:37:38 2016	1469493458	0	15	15	15
Mon Jul 25 21:37:38 2016	1469493458	0	15	15	15
Mon Jul 25 21:37:38 2016	1469493458	7	8	15	7
Mon Jul 25 21:37:38 2016	1469493458	0	15	15	15
Mon Jul 25 21:37:38 2016	1469493458	5	11	15	7
Mon Jul 25 21:37:38 2016	1469493458	7	8	15	7
Mon Jul 25 21:37:38 2016	1469493458	1	14	15	11
Mon Jul 25 21:37:38 2016	1469493458	7	8	15	7
Mon Jul 25 21:37:38 2016	1469493458	1	14	15	14
Mon Jul 25 21:37:38 2016	1469493458	0	15	15	15
Mon Jul 25 21:37:38 2016	1469493458	1	15	16	14
Mon Jul 25 21:37:38 2016	1469493458	1	15	16	14
Mon Jul 25 21:37:38 2016	1469493458	1	15	16	14
Mon Jul 25 21:37:38 2016	1469493458	1	15	16	15
Mon Jul 25 21:37:38 2016	1469493458	1	15	16	14
Mon Jul 25 21:37:38 2016	1469493458	8	8	16	7
Mon Jul 25 21:37:38 2016	1469493458	1	15	16	14
Mon Jul 25 21:37:38 2016	1469493458	1	15	16	15
Mon Jul 25 21:37:38 2016	1469493458	1	15	16	14
Mon Jul 25 21:37:38 2016	1469493458	1	15	16	14
Mon Jul 25 21:37:38 2016	1469493458	1	15	16	14
Mon Jul 25 21:37:38 2016	1469493458	1	15	16	15
Mon Jul 25 21:37:38 2016	1469493458	1	15	16	15
Mon Jul 25 21:37:38 2016	1469493458	1	15	16	14
Mon Jul 25 21:37:38 2016	1469493458	1	15	16	15
Mon Jul 25 21:37:38 2016	1469493458	1	15	16	15
Mon Jul 25 21:37:38 2016	1469493458	1	15	16	14
Mon Jul 25 21:37:38 2016	1469493458	1	15	16	15
Mon Jul 25 21:37:38 2016	1469493458	1	15	16	15
Mon Jul 25 21:37:38 2016	1469493458	1	15	16	14
Mon Jul 25 21:37:38 2016	1469493458	1	15	16	14
Mon Jul 25 21:37:38 2016	1469493458	1	15	16	15
Mon Jul 25 21:37:38 2016	1469493458	1	15	16	15
Mon Jul 25 21:37:38 2016	1469493458	4	12	16	11
Mon Jul 25 21:37:38 2016	1469493458	2	15	16	14
Mon Jul 25 21:37:38 2016	1469493458	1	16	16	16
Mon Jul 25 21:37:38 2016	1469493458	1	16	16	15
Mon Jul 25 21:37:38 2016	1469493458	1	16	16	15
Mon Jul 25 21:37:38 2016	1469493458	4	12	16	11
Mon Jul 25 21:37:38 2016	1469493458	1	15	16	15
Mon Jul 25 21:37:38 2016	1469493458	2	15	16	14
Mon Jul 25 21:37:38 2016	1469493458	1	16	16	15
Mon Jul 25 21:37:38 2016	1469493458	1	16	16	16
Mon Jul 25 21:37:38 2016	1469493458	1	16	17	15
Mon Jul 25 21:37:38 2016	1469493458	2	15	17	15
Mon Jul 25 21:37:38 2016	1469493458	1	16	17	15
Mon Jul 25 21:37:38 2016	1469493458	1	16	17	16
Mon Jul 25 21:37:38 2016	1469493458	0	17	17	12
Mon Jul 25 21:37:38 2016	1469493458	1	16	17	15
Mon Jul 25 21:37:38 2016	1469493458	1	16	17	16
Mon Jul 25 21:37:38 2016	1469493458	1	16	17	16
Mon Jul 25 21:37:38 2016	1469493458	6	11	17	8
Mon Jul 25 21:37:38 2016	1469493458	2	15	17	15
Mon Jul 25 21:37:38 2016	1469493458	2	15	17	15
Mon Jul 25 21:37:38 2016	1469493458	1	16	17	16
Mon Jul 25 21:37:38 2016	1469493458	1	16	17	15
Mon Jul 25 21:37:38 2016	1469493458	1	16	17	15
Mon Jul 25 21:37:38 2016	1469493458	1	16	17	15
Mon Jul 25 21:37:38 2016	1469493458	1	16	17	15
Mon Jul 25 21:37:38 2016	1469493458	2	15	17	15
Mon Jul 25 21:37:38 2016	1469493458	1	16	17	15
Mon Jul 25 21:37:38 2016	1469493458	3	14	17	14
Mon Jul 25 21:37:38 2016	1469493458	6	11	17	8
Mon Jul 25 21:37:38 2016	1469493458	1	16	17	16
Mon Jul 25 21:37:38 2016	1469493458	1	16	17	16
Mon Jul 25 21:37:38 2016	1469493458	1	16	17	16
Mon Jul 25 21:37:38 2016	1469493458	3	14	17	14
Mon Jul 25 21:37:38 2016	1469493458	0	16	17	16
Mon Jul 25 21:37:38 2016	1469493458	6	11	17	9
Mon Jul 25 21:37:38 2016	1469493458	3	14	17	11
Mon Jul 25 21:37:38 2016	1469493458	6	11	17	9
Mon Jul 25 21:37:38 2016	1469493458	3	14	17	11
Mon Jul 25 21:37:38 2016	1469493458	3	14	17	11
Mon Jul 25 21:37:38 2016	1469493458	0	17	17	16
Mon Jul 25 21:37:38 2016	1469493458	0	17	17	16
Mon Jul 25 21:37:38 2016	1469493458	0	17	17	16
Mon Jul 25 21:37:38 2016	1469493458	1	16	17	16
Mon Jul 25 21:37:38 2016	1469493458	6	11	17	8
Mon Jul 25 21:37:38 2016	1469493458	3	14	17	11
Mon Jul 25 21:37:38 2016	1469493458	3	13	17	11
Mon Jul 25 21:37:38 2016	1469493458	1	16	17	14
Mon Jul 25 21:37:38 2016	1469493458	3	14	17	11
Mon Jul 25 21:37:38 2016	1469493458	3	14	17	11
Mon Jul 25 21:37:38 2016	1469493458	2	15	17	14
Mon Jul 25 21:37:38 2016	1469493458	6	11	17	9
Mon Jul 25 21:37:38 2016	1469493458	0	17	17	16
Mon Jul 25 21:37:38 2016	1469493458	1	16	17	16
Mon Jul 25 21:37:38 2016	1469493458	3	13	17	11
Mon Jul 25 21:37:38 2016	1469493458	7	10	17	9
Mon Jul 25 21:37:38 2016	1469493458	6	11	17	8
Mon Jul 25 21:37:38 2016	1469493458	3	14	17	11
Mon Jul 25 21:37:38 2016	1469493458	3	14	17	14
Mon Jul 25 21:37:38 2016	1469493458	2	15	17	14
Mon Jul 25 21:37:38 2016	1469493458	4	13	17	11
Mon Jul 25 21:37:38 2016	1469493458	3	14	17	11
Mon Jul 25 21:37:38 2016	1469493458	6	11	17	9
Mon Jul 25 21:37:38 2016	1469493458	3	14	17	11
Mon Jul 25 21:37:38 2016	1469493458	3	14	17	11
Mon Jul 25 21:37:38 2016	1469493458	1	16	17	16
Mon Jul 25 21:37:38 2016	1469493458	6	11	17	8
Mon Jul 25 21:37:38 2016	1469493458	3	14	17	11
Mon Jul 25 21:37:38 2016	1469493458	3	14	17	11
Mon Jul 25 21:37:38 2016	1469493458	3	15	17	14
Mon Jul 25 21:37:38 2016	1469493458	2	15	17	14
Mon Jul 25 21:37:38 2016	1469493458	0	17	17	17
Mon Jul 25 21:37:38 2016	1469493458	2	15	17	14
Mon Jul 25 21:37:38 2016	1469493458	6	11	17	8
Mon Jul 25 21:37:38 2016	1469493458	1	16	17	16
Mon Jul 25 21:37:38 2016	1469493458	4	13	17	11
Mon Jul 25 21:37:38 2016	1469493458	3	14	17	10
Mon Jul 25 21:37:38 2016	1469493458	3	14	17	10
Mon Jul 25 21:37:38 2016	1469493458	6	11	17	10
Mon Jul 25 21:37:38 2016	1469493458	3	14	17	10
Mon Jul 25 21:37:38 2016	1469493458	6	11	17	10
Mon Jul 25 21:37:38 2016	1469493458	6	11	17	10
Mon Jul 25 21:37:38 2016	1469493458	6	11	17	10
Mon Jul 25 21:37:38 2016	1469493458	4	13	17	11
Mon Jul 25 21:37:38 2016	1469493458	4	13	17	11
Mon Jul 25 21:37:38 2016	1469493458	6	11	17	8
Mon Jul 25 21:37:38 2016	1469493458	6	11	17	10
Mon Jul 25 21:37:38 2016	1469493458	3	14	17	10
Mon Jul 25 21:37:38 2016	1469493458	3	14	17	11
Mon Jul 25 21:37:38 2016	1469493458	1	16	17	16
Mon Jul 25 21:37:38 2016	1469493458	3	14	17	10
Mon Jul 25 21:37:38 2016	1469493458	3	14	17	10
Mon Jul 25 21:37:38 2016	1469493458	4	13	17	11
Mon Jul 25 21:37:38 2016	1469493458	3	14	17	10
Mon Jul 25 21:37:38 2016	1469493458	1	17	17	15
Mon Jul 25 21:37:38 2016	1469493458	0	17	17	15
Mon Jul 25 21:37:38 2016	1469493458	1	17	17	15
Mon Jul 25 21:37:38 2016	1469493458	1	16	17	14
Mon Jul 25 21:37:38 2016	1469493458	6	11	17	8
Mon Jul 25 21:37:38 2016	1469493458	6	11	17	10
Mon Jul 25 21:37:38 2016	1469493458	3	14	17	11
Mon Jul 25 21:37:38 2016	1469493458	6	11	17	10
Mon Jul 25 21:37:38 2016	1469493458	6	11	17	10
Mon Jul 25 21:37:38 2016	1469493458	1	16	17	14
Mon Jul 25 21:37:38 2016	1469493458	6	11	17	10
Mon Jul 25 21:37:38 2016	1469493458	0	17	17	17
Mon Jul 25 21:37:38 2016	1469493458	3	14	17	10
Mon Jul 25 21:37:38 2016	1469493458	0	17	17	17
Mon Jul 25 21:37:38 2016	1469493458	7	11	18	10
Mon Jul 25 21:37:38 2016	1469493458	7	11	18	10
Mon Jul 25 21:37:38 2016	1469493458	7	11	18	10
Mon Jul 25 21:37:38 2016	1469493458	7	11	18	10
Mon Jul 25 21:37:38 2016	1469493458	7	11	18	10
Mon Jul 25 21:37:38 2016	1469493458	7	11	18	10
Mon Jul 25 21:37:38 2016	1469493458	7	11	18	10
Mon Jul 25 21:37:38 2016	1469493458	3	14	18	11
Mon Jul 25 21:37:38 2016	1469493458	2	16	18	16
Mon Jul 25 21:37:38 2016	1469493458	11	7	18	6
Mon Jul 25 21:37:38 2016	1469493458	3	15	18	15
Mon Jul 25 21:37:38 2016	1469493458	3	15	18	14
Mon Jul 25 21:37:38 2016	1469493458	1	17	18	16
Mon Jul 25 21:37:38 2016	1469493458	1	17	18	16
Mon Jul 25 21:37:38 2016	1469493458	1	17	18	16
Mon Jul 25 21:37:38 2016	1469493458	3	15	18	15
Mon Jul 25 21:37:38 2016	1469493458	1	17	18	17
Mon Jul 25 21:37:38 2016	1469493458	3	15	18	14
Mon Jul 25 21:37:38 2016	1469493458	7	11	18	9
Mon Jul 25 21:37:38 2016	1469493458	1	17	18	17
Mon Jul 25 21:37:38 2016	1469493458	1	17	18	17
Mon Jul 25 21:37:38 2016	1469493458	3	15	18	14
Mon Jul 25 21:37:38 2016	1469493458	3	15	18	14
Mon Jul 25 21:37:38 2016	1469493458	1	17	18	17
Mon Jul 25 21:37:38 2016	1469493458	3	15	18	14
Mon Jul 25 21:37:38 2016	1469493458	1	17	18	17
Mon Jul 25 21:37:38 2016	1469493458	3	15	18	14
Mon Jul 25 21:37:38 2016	1469493458	3	15	18	14
Mon Jul 25 21:37:38 2016	1469493458	0	18	18	17
Mon Jul 25 21:37:38 2016	1469493458	0	18	18	17
Mon Jul 25 21:37:38 2016	1469493458	2	16	18	15
Mon Jul 25 21:37:38 2016	1469493458	2	16	18	15
Mon Jul 25 21:37:38 2016	1469493458	2	16	18	15
Mon Jul 25 21:37:38 2016	1469493458	3	15	18	15
Mon Jul 25 21:37:38 2016	1469493458	1	17	18	17
Mon Jul 25 21:37:38 2016	1469493458	3	15	18	14
Mon Jul 25 21:37:38 2016	1469493458	1	17	18	17
Mon Jul 25 21:37:38 2016	1469493458	3	15	18	15
Mon Jul 25 21:37:38 2016	1469493458	2	16	18	15
Mon Jul 25 21:37:38 2016	1469493458	0	18	18	17
Mon Jul 25 21:37:38 2016	1469493458	3	15	18	15
Mon Jul 25 21:37:38 2016	1469493458	0	18	18	17
Mon Jul 25 21:37:38 2016	1469493458	2	16	18	15
Mon Jul 25 21:37:38 2016	1469493458	1	18	18	17
Mon Jul 25 21:37:38 2016	1469493458	1	18	18	17
Mon Jul 25 21:37:38 2016	1469493458	1	18	18	17
Mon Jul 25 21:37:38 2016	1469493458	3	15	18	15
Mon Jul 25 21:37:38 2016	1469493458	0	18	18	18
Mon Jul 25 21:37:38 2016	1469493458	2	16	18	15
Mon Jul 25 21:37:38 2016	1469493458	2	16	18	15
Mon Jul 25 21:37:38 2016	1469493458	2	16	18	15
Mon Jul 25 21:37:38 2016	1469493458	2	16	18	15
Mon Jul 25 21:37:38 2016	1469493458	0	18	18	18
Mon Jul 25 21:37:38 2016	1469493458	0	18	18	18
Mon Jul 25 21:37:38 2016	1469493458	0	18	18	18
Mon Jul 25 21:37:38 2016	1469493458	5	14	18	12
Mon Jul 25 21:37:38 2016	1469493458	2	16	18	15
Mon Jul 25 21:37:38 2016	1469493458	5	14	18	12
Mon Jul 25 21:37:38 2016	1469493458	1	18	18	17
Mon Jul 25 21:37:38 2016	1469493458	0	18	18	18
Mon Jul 25 21:37:38 2016	1469493458	3	15	18	15
Mon Jul 25 21:37:38 2016	1469493458	0	18	18	18
Mon Jul 25 21:37:38 2016	1469493458	3	15	18	15
Mon Jul 25 21:37:38 2016	1469493458	2	16	18	15
Mon Jul 25 21:37:38 2016	1469493458	0	18	18	18
Mon Jul 25 21:37:38 2016	1469493458	0	18	18	18
Mon Jul 25 21:37:38 2016	1469493458	1	18	19	18
Mon Jul 25 21:37:38 2016	1469493458	6	12	19	11
Mon Jul 25 21:37:38 2016	1469493458	0	18	19	18
Mon Jul 25 21:37:38 2016	1469493458	1	18	19	18
Mon Jul 25 21:37:38 2016	1469493458	1	17	19	17
Mon Jul 25 21:37:38 2016	1469493458	1	17	19	17
Mon Jul 25 21:37:38 2016	1469493458	1	18	19	18
Mon Jul 25 21:37:38 2016	1469493458	1	18	19	18
Mon Jul 25 21:37:38 2016	1469493458	1	18	19	17
Mon Jul 25 21:37:38 2016	1469493458	11	8	19	7
Mon Jul 25 21:37:38 2016	1469493458	1	18	19	17
Mon Jul 25 21:37:38 2016	1469493458	1	18	19	17
Mon Jul 25 21:37:38 2016	1469493458	1	18	19	17
Mon Jul 25 21:37:38 2016	1469493458	1	18	19	17
Mon Jul 25 21:37:38 2016	1469493458	1	18	19	17
Mon Jul 25 21:37:38 2016	1469493458	1	18	19	17
Mon Jul 25 21:37:38 2016	1469493458	1	18	19	17
Mon Jul 25 21:37:38 2016	1469493458	11	8	19	7
Mon Jul 25 21:37:38 2016	1469493458	4	15	19	15
Mon Jul 25 21:37:38 2016	1469493458	4	15	19	15
Mon Jul 25 21:37:38 2016	1469493458	4	15	19	15
Mon Jul 25 21:37:38 2016	1469493458	1	18	19	18
Mon Jul 25 21:37:38 2016	1469493458	4	15	19	14
Mon Jul 25 21:37:38 2016	1469493458	4	15	19	14
Mon Jul 25 21:37:38 2016	1469493458	4	15	19	14
Mon Jul 25 21:37:38 2016	1469493458	4	15	19	14
Mon Jul 25 21:37:38 2016	1469493458	5	14	19	14
Mon Jul 25 21:37:38 2016	1469493458	4	14	19	14
Mon Jul 25 21:37:38 2016	1469493458	5	14	19	14
Mon Jul 25 21:37:38 2016	1469493458	4	14	19	14
Mon Jul 25 21:37:38 2016	1469493458	4	15	19	15
Mon Jul 25 21:37:38 2016	1469493458	2	17	19	15
Mon Jul 25 21:37:38 2016	1469493458	11	8	19	7
Mon Jul 25 21:37:38 2016	1469493458	3	16	19	12
Mon Jul 25 21:37:38 2016	1469493458	3	16	19	12
Mon Jul 25 21:37:38 2016	1469493458	3	16	19	12
Mon Jul 25 21:37:38 2016	1469493458	3	16	19	12
Mon Jul 25 21:37:38 2016	1469493458	1	18	19	17
Mon Jul 25 21:37:38 2016	1469493458	3	16	19	12
Mon Jul 25 21:37:38 2016	1469493458	11	8	19	7
Mon Jul 25 21:37:38 2016	1469493458	7	12	19	11
Mon Jul 25 21:37:38 2016	1469493458	0	19	19	14
Mon Jul 25 21:37:38 2016	1469493458	7	12	19	11
Mon Jul 25 21:37:38 2016	1469493458	0	19	19	19
Mon Jul 25 21:37:38 2016	1469493458	11	8	19	7
Mon Jul 25 21:37:38 2016	1469493458	7	12	19	11
Mon Jul 25 21:37:38 2016	1469493458	7	12	19	11
Mon Jul 25 21:37:38 2016	1469493458	7	13	19	11
Mon Jul 25 21:37:38 2016	1469493458	7	12	19	11
Mon Jul 25 21:37:38 2016	1469493458	7	13	19	11
Mon Jul 25 21:37:38 2016	1469493458	0	19	19	18
Mon Jul 25 21:37:38 2016	1469493458	0	19	19	19
Mon Jul 25 21:37:38 2016	1469493458	0	19	19	18
Mon Jul 25 21:37:38 2016	1469493458	7	13	19	11
Mon Jul 25 21:37:38 2016	1469493458	0	19	19	18
Mon Jul 25 21:37:38 2016	1469493458	0	19	19	19
Mon Jul 25 21:37:38 2016	1469493458	0	19	19	19
Mon Jul 25 21:37:38 2016	1469493458	0	19	19	19
Mon Jul 25 21:37:38 2016	1469493458	0	19	19	18
Mon Jul 25 21:37:38 2016	1469493458	0	19	19	19
Mon Jul 25 21:37:38 2016	1469493458	0	19	19	19
Mon Jul 25 21:37:38 2016	1469493458	0	19	19	18
Mon Jul 25 21:37:38 2016	1469493458	0	19	19	18
Mon Jul 25 21:37:38 2016	1469493458	0	19	19	19
Mon Jul 25 21:37:38 2016	1469493458	0	19	19	14
Mon Jul 25 21:37:38 2016	1469493458	0	19	19	19
Mon Jul 25 21:37:38 2016	1469493458	0	19	19	18
Mon Jul 25 21:37:38 2016	1469493458	11	9	19	7
Mon Jul 25 21:37:38 2016	1469493458	1	18	19	18
Mon Jul 25 21:37:38 2016	1469493458	0	19	19	19
Mon Jul 25 21:37:38 2016	1469493458	0	19	19	19
Mon Jul 25 21:37:38 2016	1469493458	0	19	19	19
Mon Jul 25 21:37:38 2016	1469493458	7	13	19	11
Mon Jul 25 21:37:38 2016	1469493458	0	19	19	19
Mon Jul 25 21:37:38 2016	1469493458	0	19	19	19
Mon Jul 25 21:37:38 2016	1469493458	0	19	19	19
Mon Jul 25 21:37:38 2016	1469493458	0	19	19	19
Mon Jul 25 21:37:38 2016	1469493458	0	19	19	19
Mon Jul 25 21:37:38 2016	1469493458	0	19	19	19
Mon Jul 25 21:37:38 2016	1469493458	0	19	19	19
Mon Jul 25 21:37:38 2016	1469493458	1	18	19	18
Mon Jul 25 21:37:38 2016	1469493458	7	13	19	11
Mon Jul 25 21:37:38 2016	1469493458	0	19	19	19
Mon Jul 25 21:37:38 2016	1469493458	7	12	20	9
Mon Jul 25 21:37:38 2016	1469493458	11	9	20	7
Mon Jul 25 21:37:38 2016	1469493458	7	12	20	9
Mon Jul 25 21:37:38 2016	1469493458	7	12	20	9
Mon Jul 25 21:37:38 2016	1469493458	7	12	20	9
Mon Jul 25 21:37:38 2016	1469493458	7	12	20	10
Mon Jul 25 21:37:38 2016	1469493458	0	19	20	19
Mon Jul 25 21:37:38 2016	1469493458	0	19	20	19
Mon Jul 25 21:37:38 2016	1469493458	7	12	20	9
Mon Jul 25 21:37:38 2016	1469493458	8	12	20	9
Mon Jul 25 21:37:38 2016	1469493458	0	20	20	19
Mon Jul 25 21:37:38 2016	1469493458	11	9	20	7
Mon Jul 25 21:37:38 2016	1469493458	1	19	20	19
Mon Jul 25 21:37:38 2016	1469493458	1	18	20	18
Mon Jul 25 21:37:38 2016	1469493458	0	20	20	20
Mon Jul 25 21:37:38 2016	1469493458	0	20	20	19
Mon Jul 25 21:37:38 2016	1469493458	0	19	20	18
Mon Jul 25 21:37:38 2016	1469493458	0	20	20	19
Mon Jul 25 21:37:38 2016	1469493458	2	18	20	17
Mon Jul 25 21:37:38 2016	1469493458	2	18	20	17
Mon Jul 25 21:37:38 2016	1469493458	2	18	20	17
Mon Jul 25 21:37:38 2016	1469493458	5	15	20	11
Mon Jul 25 21:37:38 2016	1469493458	5	15	20	11
Mon Jul 25 21:37:38 2016	1469493458	11	9	20	8
Mon Jul 25 21:37:38 2016	1469493458	5	15	20	13
Mon Jul 25 21:37:38 2016	1469493458	0	20	20	20
Mon Jul 25 21:37:38 2016	1469493458	1	19	20	19
Mon Jul 25 21:37:38 2016	1469493458	5	15	20	13
Mon Jul 25 21:37:38 2016	1469493458	1	19	20	19
Mon Jul 25 21:37:38 2016	1469493458	0	20	20	20
Mon Jul 25 21:37:38 2016	1469493458	1	19	20	19
Mon Jul 25 21:37:38 2016	1469493458	5	15	20	13
Mon Jul 25 21:37:38 2016	1469493458	11	9	20	8
Mon Jul 25 21:37:38 2016	1469493458	5	15	20	13
Mon Jul 25 21:37:38 2016	1469493458	0	20	20	20
Mon Jul 25 21:37:38 2016	1469493458	6	14	20	11
Mon Jul 25 21:37:38 2016	1469493458	6	14	20	13
Mon Jul 25 21:37:38 2016	1469493458	6	14	20	13
Mon Jul 25 21:37:38 2016	1469493458	6	14	20	13
Mon Jul 25 21:37:38 2016	1469493458	1	19	20	19
Mon Jul 25 21:37:38 2016	1469493458	5	15	20	13
Mon Jul 25 21:37:38 2016	1469493458	5	15	20	13
Mon Jul 25 21:37:38 2016	1469493458	5	15	20	13
Mon Jul 25 21:37:38 2016	1469493458	5	15	20	13
Mon Jul 25 21:37:38 2016	1469493458	1	19	20	19
Mon Jul 25 21:37:38 2016	1469493458	5	15	20	13
Mon Jul 25 21:37:38 2016	1469493458	2	18	20	17
Mon Jul 25 21:37:38 2016	1469493458	2	18	20	17
Mon Jul 25 21:37:38 2016	1469493458	2	18	20	17
Mon Jul 25 21:37:38 2016	1469493458	2	18	20	17
Mon Jul 25 21:37:38 2016	1469493458	2	18	20	17
Mon Jul 25 21:37:38 2016	1469493458	2	18	20	17
Mon Jul 25 21:37:38 2016	1469493458	0	20	20	20
Mon Jul 25 21:37:38 2016	1469493458	5	15	20	13
Mon Jul 25 21:37:38 2016	1469493458	4	16	20	12
Mon Jul 25 21:37:38 2016	1469493458	11	9	20	8
Mon Jul 25 21:37:38 2016	1469493458	4	16	20	12
Mon Jul 25 21:37:38 2016	1469493458	4	16	20	12
Mon Jul 25 21:37:38 2016	1469493458	1	19	20	19
Mon Jul 25 21:37:38 2016	1469493458	1	19	20	18
Mon Jul 25 21:37:38 2016	1469493458	0	20	20	20
Mon Jul 25 21:37:38 2016	1469493458	5	15	20	13
Mon Jul 25 21:37:38 2016	1469493458	1	19	20	19
Mon Jul 25 21:37:38 2016	1469493458	0	20	20	20
Mon Jul 25 21:37:38 2016	1469493458	0	20	20	20
Mon Jul 25 21:37:38 2016	1469493458	11	9	20	8
Mon Jul 25 21:37:38 2016	1469493458	0	20	20	20
Mon Jul 25 21:37:38 2016	1469493458	1	19	20	19
Mon Jul 25 21:37:38 2016	1469493458	0	20	20	20
Mon Jul 25 21:37:38 2016	1469493458	0	20	20	20
Mon Jul 25 21:37:38 2016	1469493458	0	20	20	20
Mon Jul 25 21:37:38 2016	1469493458	0	20	20	19
Mon Jul 25 21:37:38 2016	1469493458	1	20	20	20
Mon Jul 25 21:37:38 2016	1469493458	11	9	20	8
Mon Jul 25 21:37:38 2016	1469493458	1	20	20	20
Mon Jul 25 21:37:38 2016	1469493458	0	20	20	20
Mon Jul 25 21:37:38 2016	1469493458	1	20	20	20
Mon Jul 25 21:37:38 2016	1469493458	1	20	20	20
Mon Jul 25 21:37:38 2016	1469493458	1	20	20	20
Mon Jul 25 21:37:38 2016	1469493458	1	20	20	20
Mon Jul 25 21:37:38 2016	1469493458	0	20	20	19
Mon Jul 25 21:37:38 2016	1469493458	11	9	20	8
Mon Jul 25 21:37:38 2016	1469493458	1	20	20	20
Mon Jul 25 21:37:38 2016	1469493458	1	20	21	20
Mon Jul 25 21:37:38 2016	1469493458	0	20	21	20
Mon Jul 25 21:37:38 2016	1469493458	0	20	21	20
Mon Jul 25 21:37:38 2016	1469493458	1	20	21	20
Mon Jul 25 21:37:38 2016	1469493458	0	21	21	20
Mon Jul 25 21:37:38 2016	1469493458	11	9	21	7
Mon Jul 25 21:37:38 2016	1469493458	1	20	21	20
Mon Jul 25 21:37:38 2016	1469493458	11	9	21	7
Mon Jul 25 21:37:38 2016	1469493458	11	9	21	8
Mon Jul 25 21:37:38 2016	1469493458	1	20	21	20
Mon Jul 25 21:37:38 2016	1469493458	0	21	21	20
Mon Jul 25 21:37:38 2016	1469493458	1	20	21	20
Mon Jul 25 21:37:38 2016	1469493458	0	20	21	19
Mon Jul 25 21:37:38 2016	1469493458	1	20	21	20
Mon Jul 25 21:37:38 2016	1469493458	0	21	21	20
Mon Jul 25 21:37:38 2016	1469493458	0	21	21	15
Mon Jul 25 21:37:38 2016	1469493458	1	20	21	20
Mon Jul 25 21:37:38 2016	1469493458	6	15	21	9
Mon Jul 25 21:37:38 2016	1469493458	1	20	21	20
Mon Jul 25 21:37:38 2016	1469493458	1	19	21	19
Mon Jul 25 21:37:38 2016	1469493458	1	20	21	20
Mon Jul 25 21:37:38 2016	1469493458	11	9	21	8
Mon Jul 25 21:37:38 2016	1469493458	7	14	21	13
Mon Jul 25 21:37:38 2016	1469493458	0	21	21	20
Mon Jul 25 21:37:38 2016	1469493458	0	20	21	20
Mon Jul 25 21:37:38 2016	1469493458	6	15	21	9
Mon Jul 25 21:37:38 2016	1469493458	10	10	21	8
Mon Jul 25 21:37:38 2016	1469493458	7	14	21	13
Mon Jul 25 21:37:38 2016	1469493458	0	21	21	19
Mon Jul 25 21:37:38 2016	1469493458	11	10	21	8
Mon Jul 25 21:37:38 2016	1469493458	0	21	21	21
Mon Jul 25 21:37:38 2016	1469493458	0	20	21	20
Mon Jul 25 21:37:38 2016	1469493458	0	21	21	21
Mon Jul 25 21:37:38 2016	1469493458	8	13	21	13
Mon Jul 25 21:37:38 2016	1469493458	0	20	21	20
Mon Jul 25 21:37:38 2016	1469493458	11	10	21	8
Mon Jul 25 21:37:38 2016	1469493458	1	20	21	20
Mon Jul 25 21:37:38 2016	1469493458	7	14	21	13
Mon Jul 25 21:37:38 2016	1469493458	1	20	21	19
Mon Jul 25 21:37:38 2016	1469493458	0	20	21	20
Mon Jul 25 21:37:38 2016	1469493458	1	20	21	20
Mon Jul 25 21:37:38 2016	1469493458	0	21	21	20
Mon Jul 25 21:37:38 2016	1469493458	0	21	21	21
Mon Jul 25 21:37:38 2016	1469493458	7	13	21	13
Mon Jul 25 21:37:38 2016	1469493458	6	15	21	11
Mon Jul 25 21:37:38 2016	1469493458	7	14	21	13
Mon Jul 25 21:37:38 2016	1469493458	7	14	21	13
Mon Jul 25 21:37:38 2016	1469493458	0	21	21	21
Mon Jul 25 21:37:38 2016	1469493458	6	15	21	11
Mon Jul 25 21:37:38 2016	1469493458	6	15	21	11
Mon Jul 25 21:37:38 2016	1469493458	4	17	21	13
Mon Jul 25 21:37:38 2016	1469493458	4	17	21	13
Mon Jul 25 21:37:38 2016	1469493458	4	17	21	13
Mon Jul 25 21:37:38 2016	1469493458	4	17	21	13
Mon Jul 25 21:37:38 2016	1469493458	4	17	21	13
Mon Jul 25 21:37:38 2016	1469493458	4	17	21	13
Mon Jul 25 21:37:38 2016	1469493458	6	15	21	11
Mon Jul 25 21:37:38 2016	1469493458	0	20	21	20
Mon Jul 25 21:37:38 2016	1469493458	1	20	21	20
Mon Jul 25 21:37:38 2016	1469493458	0	21	21	20
Mon Jul 25 21:37:38 2016	1469493458	0	21	21	21
Mon Jul 25 21:37:38 2016	1469493458	6	15	21	11
Mon Jul 25 21:37:38 2016	1469493458	6	15	21	11
Mon Jul 25 21:37:38 2016	1469493458	0	21	21	21
Mon Jul 25 21:37:38 2016	1469493458	6	15	21	11
Mon Jul 25 21:37:38 2016	1469493458	6	15	21	11
Mon Jul 25 21:37:38 2016	1469493458	0	21	21	21
Mon Jul 25 21:37:38 2016	1469493458	6	15	21	11
Mon Jul 25 21:37:38 2016	1469493458	0	21	21	21
Mon Jul 25 21:37:38 2016	1469493458	7	14	21	13
Mon Jul 25 21:37:38 2016	1469493458	6	15	21	11
Mon Jul 25 21:37:38 2016	1469493458	0	21	21	21
Mon Jul 25 21:37:38 2016	1469493458	0	21	21	21
Mon Jul 25 21:37:38 2016	1469493458	6	15	21	11
Mon Jul 25 21:37:38 2016	1469493458	6	15	21	11
Mon Jul 25 21:37:38 2016	1469493458	6	15	21	11
Mon Jul 25 21:37:38 2016	1469493458	0	21	21	20
Mon Jul 25 21:37:38 2016	1469493458	0	21	21	21
Mon Jul 25 21:37:38 2016	1469493458	11	10	21	8
Mon Jul 25 21:37:38 2016	1469493458	0	21	21	20
Mon Jul 25 21:37:38 2016	1469493458	0	21	21	20
Mon Jul 25 21:37:38 2016	1469493458	1	20	21	19
Mon Jul 25 21:37:38 2016	1469493458	0	21	21	20
Mon Jul 25 21:37:38 2016	1469493458	0	21	21	21
Mon Jul 25 21:37:38 2016	1469493458	0	21	21	21
Mon Jul 25 21:37:38 2016	1469493458	1	20	21	20
Mon Jul 25 21:37:38 2016	1469493458	0	21	21	21
Mon Jul 25 21:37:38 2016	1469493458	0	21	21	21
Mon Jul 25 21:37:38 2016	1469493458	0	21	21	21
Mon Jul 25 21:37:38 2016	1469493458	1	20	21	20
Mon Jul 25 21:37:38 2016	1469493458	1	20	21	20
Mon Jul 25 21:37:38 2016	1469493458	0	21	21	21
Mon Jul 25 21:37:38 2016	1469493458	0	21	21	21
Mon Jul 25 21:37:38 2016	1469493458	1	20	21	20
Mon Jul 25 21:37:38 2016	1469493458	0	21	21	21
Mon Jul 25 21:37:38 2016	1469493458	1	20	21	20
Mon Jul 25 21:37:38 2016	1469493458	0	21	21	21
Mon Jul 25 21:37:38 2016	1469493458	0	21	21	21
Mon Jul 25 21:37:38 2016	1469493458	9	12	21	5
Mon Jul 25 21:37:38 2016	1469493458	5	16	21	9
Mon Jul 25 21:37:38 2016	1469493458	2	19	21	17
Mon Jul 25 21:37:38 2016	1469493458	11	10	21	8
Mon Jul 25 21:37:38 2016	1469493458	7	14	21	14
Mon Jul 25 21:37:38 2016	1469493458	7	14	21	14
Mon Jul 25 21:37:38 2016	1469493458	0	21	21	21
Mon Jul 25 21:37:38 2016	1469493458	0	21	21	21
Mon Jul 25 21:37:38 2016	1469493458	5	16	21	9
Mon Jul 25 21:37:38 2016	1469493458	0	21	21	21
Mon Jul 25 21:37:38 2016	1469493458	0	21	21	21
Mon Jul 25 21:37:38 2016	1469493458	2	20	21	17
Mon Jul 25 21:37:38 2016	1469493458	2	20	21	17
Mon Jul 25 21:37:38 2016	1469493458	0	21	21	21
Mon Jul 25 21:37:38 2016	1469493458	0	21	21	21
Mon Jul 25 21:37:38 2016	1469493458	0	21	21	21
Mon Jul 25 21:37:38 2016	1469493458	0	21	21	21
Mon Jul 25 21:37:38 2016	1469493458	5	16	21	9
Mon Jul 25 21:37:38 2016	1469493458	6	16	21	9
Mon Jul 25 21:37:38 2016	1469493458	6	16	21	9
Mon Jul 25 21:37:38 2016	1469493458	0	21	21	21
Mon Jul 25 21:37:38 2016	1469493458	0	21	21	21
Mon Jul 25 21:37:38 2016	1469493458	7	14	21	14
Mon Jul 25 21:37:38 2016	1469493458	5	16	21	9
Mon Jul 25 21:37:38 2016	1469493458	7	14	21	14
Mon Jul 25 21:37:38 2016	1469493458	0	21	21	21
Mon Jul 25 21:37:38 2016	1469493458	2	20	21	17
Mon Jul 25 21:37:38 2016	1469493458	0	21	21	21
Mon Jul 25 21:37:38 2016	1469493458	11	10	21	8
Mon Jul 25 21:37:38 2016	1469493458	0	21	21	21
Mon Jul 25 21:37:38 2016	1469493458	6	16	22	9
Mon Jul 25 21:37:38 2016	1469493458	0	21	22	21
Mon Jul 25 21:37:38 2016	1469493458	0	21	22	20
Mon Jul 25 21:37:38 2016	1469493458	0	21	22	21
Mon Jul 25 21:37:38 2016	1469493458	5	17	22	10
Mon Jul 25 21:37:38 2016	1469493458	0	21	22	21
Mon Jul 25 21:37:38 2016	1469493458	7	14	22	14
Mon Jul 25 21:37:38 2016	1469493458	5	16	22	9
Mon Jul 25 21:37:38 2016	1469493458	2	19	22	17
Mon Jul 25 21:37:38 2016	1469493458	5	16	22	9
Mon Jul 25 21:37:38 2016	1469493458	5	16	22	9
Mon Jul 25 21:37:38 2016	1469493458	5	16	22	9
Mon Jul 25 21:37:38 2016	1469493458	5	17	22	9
Mon Jul 25 21:37:38 2016	1469493458	5	17	22	9
Mon Jul 25 21:37:38 2016	1469493458	5	17	22	9
Mon Jul 25 21:37:38 2016	1469493458	5	17	22	10
Mon Jul 25 21:37:38 2016	1469493458	5	17	22	10
Mon Jul 25 21:37:38 2016	1469493458	0	22	22	20
Mon Jul 25 21:37:38 2016	1469493458	7	15	22	15
Mon Jul 25 21:37:38 2016	1469493458	5	16	22	9
Mon Jul 25 21:37:38 2016	1469493458	11	10	22	8
Mon Jul 25 21:37:38 2016	1469493458	2	20	22	17
Mon Jul 25 21:37:38 2016	1469493458	0	22	22	21
Mon Jul 25 21:37:38 2016	1469493458	12	10	22	9
Mon Jul 25 21:37:38 2016	1469493458	5	17	22	10
Mon Jul 25 21:37:38 2016	1469493458	7	14	22	14
Mon Jul 25 21:37:38 2016	1469493458	0	22	22	21
Mon Jul 25 21:37:38 2016	1469493458	0	22	22	18
Mon Jul 25 21:37:38 2016	1469493458	11	11	22	9
Mon Jul 25 21:37:38 2016	1469493458	12	10	22	9
Mon Jul 25 21:37:38 2016	1469493458	0	22	22	21
Mon Jul 25 21:37:38 2016	1469493458	0	22	22	18
Mon Jul 25 21:37:38 2016	1469493458	11	11	22	9
Mon Jul 25 21:37:38 2016	1469493458	7	15	22	14
Mon Jul 25 21:37:38 2016	1469493458	0	22	22	20
Mon Jul 25 21:37:38 2016	1469493458	0	22	22	22
Mon Jul 25 21:37:38 2016	1469493458	12	10	22	9
Mon Jul 25 21:37:38 2016	1469493458	11	10	22	6
Mon Jul 25 21:37:38 2016	1469493458	12	10	22	6
Mon Jul 25 21:37:38 2016	1469493458	12	10	22	6
Mon Jul 25 21:37:38 2016	1469493458	12	10	22	6
Mon Jul 25 21:37:38 2016	1469493458	12	9	22	6
Mon Jul 25 21:37:38 2016	1469493458	12	9	22	6
Mon Jul 25 21:37:38 2016	1469493458	12	10	22	9
Mon Jul 25 21:37:38 2016	1469493458	12	9	22	6
Mon Jul 25 21:37:38 2016	1469493458	12	9	22	6
Mon Jul 25 21:37:38 2016	1469493458	2	20	22	16
Mon Jul 25 21:37:38 2016	1469493458	11	11	22	9
Mon Jul 25 21:37:38 2016	1469493458	12	10	22	9
Mon Jul 25 21:37:38 2016	1469493458	3	19	22	16
Mon Jul 25 21:37:38 2016	1469493458	6	16	22	14
Mon Jul 25 21:37:38 2016	1469493458	2	20	22	16
Mon Jul 25 21:37:38 2016	1469493458	2	20	22	16
Mon Jul 25 21:37:38 2016	1469493458	6	16	22	14
Mon Jul 25 21:37:38 2016	1469493458	2	20	22	16
Mon Jul 25 21:37:38 2016	1469493458	2	19	22	16
Mon Jul 25 21:37:38 2016	1469493458	2	20	22	16
Mon Jul 25 21:37:38 2016	1469493458	3	19	22	16
Mon Jul 25 21:37:38 2016	1469493458	2	20	22	16
Mon Jul 25 21:37:38 2016	1469493458	3	19	22	16
Mon Jul 25 21:37:38 2016	1469493458	2	20	22	16
Mon Jul 25 21:37:38 2016	1469493458	7	15	22	14
Mon Jul 25 21:37:38 2016	1469493458	7	15	22	14
Mon Jul 25 21:37:38 2016	1469493458	3	19	22	16
Mon Jul 25 21:37:38 2016	1469493458	7	15	22	14
Mon Jul 25 21:37:38 2016	1469493458	0	22	22	20
Mon Jul 25 21:37:38 2016	1469493458	2	20	22	19
Mon Jul 25 21:37:38 2016	1469493458	7	15	22	15
Mon Jul 25 21:37:38 2016	1469493458	2	20	22	19
Mon Jul 25 21:37:38 2016	1469493458	0	22	22	22
Mon Jul 25 21:37:38 2016	1469493458	0	22	22	22
Mon Jul 25 21:37:38 2016	1469493458	8	14	22	14
Mon Jul 25 21:37:38 2016	1469493458	7	15	22	15
Mon Jul 25 21:37:38 2016	1469493458	0	22	22	22
Mon Jul 25 21:37:38 2016	1469493458	2	20	22	16
Mon Jul 25 21:37:38 2016	1469493458	3	19	22	16
Mon Jul 25 21:37:38 2016	1469493458	3	19	22	16
Mon Jul 25 21:37:38 2016	1469493458	3	19	22	16
Mon Jul 25 21:37:38 2016	1469493458	3	19	22	16
Mon Jul 25 21:37:38 2016	1469493458	3	19	22	16
Mon Jul 25 21:37:38 2016	1469493458	3	19	22	16
Mon Jul 25 21:37:38 2016	1469493458	0	22	22	18
Mon Jul 25 21:37:38 2016	1469493458	2	20	22	19
Mon Jul 25 21:37:38 2016	1469493458	3	19	22	16
Mon Jul 25 21:37:38 2016	1469493458	3	19	22	16
Mon Jul 25 21:37:38 2016	1469493458	7	15	22	15
Mon Jul 25 21:37:38 2016	1469493458	7	15	22	15
Mon Jul 25 21:37:38 2016	1469493458	7	15	22	15
Mon Jul 25 21:37:38 2016	1469493458	8	14	22	14
Mon Jul 25 21:37:38 2016	1469493458	2	20	22	19
Mon Jul 25 21:37:38 2016	1469493458	0	22	22	18
Mon Jul 25 21:37:38 2016	1469493458	3	19	22	16
Mon Jul 25 21:37:38 2016	1469493458	2	20	22	19
Mon Jul 25 21:37:38 2016	1469493458	7	15	22	15
Mon Jul 25 21:37:38 2016	1469493458	8	14	22	14
Mon Jul 25 21:37:38 2016	1469493458	8	15	22	15
Mon Jul 25 21:37:38 2016	1469493458	0	22	22	20
Mon Jul 25 21:37:38 2016	1469493458	0	22	22	22
Mon Jul 25 21:37:38 2016	1469493458	0	22	22	19
Mon Jul 25 21:37:38 2016	1469493458	0	22	22	21
Mon Jul 25 21:37:38 2016	1469493458	0	22	22	22
Mon Jul 25 21:37:38 2016	1469493458	12	11	22	9
Mon Jul 25 21:37:38 2016	1469493458	12	11	22	9
Mon Jul 25 21:37:38 2016	1469493458	10	13	22	13
Mon Jul 25 21:37:38 2016	1469493458	8	15	22	15
Mon Jul 25 21:37:38 2016	1469493458	0	22	22	20
Mon Jul 25 21:37:38 2016	1469493458	0	22	22	20
Mon Jul 25 21:37:38 2016	1469493458	0	22	22	21
Mon Jul 25 21:37:38 2016	1469493458	12	11	22	9
Mon Jul 25 21:37:38 2016	1469493458	0	22	22	18
Mon Jul 25 21:37:38 2016	1469493458	12	11	22	9
Mon Jul 25 21:37:38 2016	1469493458	9	14	22	12
Mon Jul 25 21:37:38 2016	1469493458	7	15	22	15
Mon Jul 25 21:37:38 2016	1469493458	10	12	22	11
Mon Jul 25 21:37:38 2016	1469493458	0	22	22	20
Mon Jul 25 21:37:38 2016	1469493458	12	11	22	9
Mon Jul 25 21:37:38 2016	1469493458	12	10	22	9
Mon Jul 25 21:37:38 2016	1469493458	0	22	22	22
Mon Jul 25 21:37:38 2016	1469493458	8	15	22	15
Mon Jul 25 21:37:38 2016	1469493458	10	13	22	13
Mon Jul 25 21:37:38 2016	1469493458	9	13	22	12
Mon Jul 25 21:37:38 2016	1469493458	12	11	22	9
Mon Jul 25 21:37:38 2016	1469493458	0	22	22	20
Mon Jul 25 21:37:38 2016	1469493458	12	10	22	9
Mon Jul 25 21:37:38 2016	1469493458	6	16	22	16
Mon Jul 25 21:37:38 2016	1469493458	10	12	22	11
Mon Jul 25 21:37:38 2016	1469493458	9	14	22	12
Mon Jul 25 21:37:38 2016	1469493458	9	14	22	13
Mon Jul 25 21:37:38 2016	1469493458	9	14	22	13
Mon Jul 25 21:37:38 2016	1469493458	9	14	22	13
Mon Jul 25 21:37:38 2016	1469493458	9	14	22	13
Mon Jul 25 21:37:38 2016	1469493458	9	14	22	13
Mon Jul 25 21:37:38 2016	1469493458	0	22	22	20
Mon Jul 25 21:37:38 2016	1469493458	7	15	22	15
Mon Jul 25 21:37:38 2016	1469493458	0	22	22	20
Mon Jul 25 21:37:38 2016	1469493458	8	15	22	15
Mon Jul 25 21:37:38 2016	1469493458	12	10	22	9
Mon Jul 25 21:37:38 2016	1469493458	0	22	22	22
Mon Jul 25 21:37:38 2016	1469493458	9	14	22	13
Mon Jul 25 21:37:38 2016	1469493458	12	10	22	9
Mon Jul 25 21:37:38 2016	1469493458	10	12	22	11
Mon Jul 25 21:37:38 2016	1469493458	12	10	22	9
Mon Jul 25 21:37:38 2016	1469493458	0	22	22	22
Mon Jul 25 21:37:38 2016	1469493458	3	19	22	18
Mon Jul 25 21:37:38 2016	1469493458	0	22	22	22
Mon Jul 25 21:37:38 2016	1469493458	0	22	22	22
Mon Jul 25 21:37:38 2016	1469493458	0	22	22	20
Mon Jul 25 21:37:38 2016	1469493458	0	22	22	19
Mon Jul 25 21:37:38 2016	1469493458	10	12	22	11
Mon Jul 25 21:37:38 2016	1469493458	7	15	23	15
Mon Jul 25 21:37:38 2016	1469493458	0	22	23	19
Mon Jul 25 21:37:38 2016	1469493458	0	22	23	22
Mon Jul 25 21:37:38 2016	1469493458	3	19	23	19
Mon Jul 25 21:37:38 2016	1469493458	0	22	23	21
Mon Jul 25 21:37:38 2016	1469493458	12	11	23	9
Mon Jul 25 21:37:38 2016	1469493458	3	19	23	19
Mon Jul 25 21:37:38 2016	1469493458	0	22	23	19
Mon Jul 25 21:37:38 2016	1469493458	7	15	23	15
Mon Jul 25 21:37:38 2016	1469493458	0	22	23	20
Mon Jul 25 21:37:38 2016	1469493458	0	22	23	22
Mon Jul 25 21:37:38 2016	1469493458	0	22	23	21
Mon Jul 25 21:37:38 2016	1469493458	8	15	23	15
Mon Jul 25 21:37:38 2016	1469493458	3	19	23	18
Mon Jul 25 21:37:38 2016	1469493458	0	23	23	19
Mon Jul 25 21:37:38 2016	1469493458	3	19	23	18
Mon Jul 25 21:37:38 2016	1469493458	3	19	23	18
Mon Jul 25 21:37:38 2016	1469493458	0	23	23	21
Mon Jul 25 21:37:38 2016	1469493458	4	18	23	14
Mon Jul 25 21:37:38 2016	1469493458	3	19	23	19
Mon Jul 25 21:37:38 2016	1469493458	3	19	23	19
Mon Jul 25 21:37:38 2016	1469493458	0	22	23	22
Mon Jul 25 21:37:38 2016	1469493458	0	22	23	22
Mon Jul 25 21:37:38 2016	1469493458	7	16	23	15
Mon Jul 25 21:37:38 2016	1469493458	0	23	23	21
Mon Jul 25 21:37:38 2016	1469493458	9	13	23	13
Mon Jul 25 21:37:38 2016	1469493458	10	13	23	13
Mon Jul 25 21:37:38 2016	1469493458	0	23	23	19
Mon Jul 25 21:37:38 2016	1469493458	0	23	23	21
Mon Jul 25 21:37:38 2016	1469493458	10	13	23	13
Mon Jul 25 21:37:38 2016	1469493458	12	11	23	9
Mon Jul 25 21:37:38 2016	1469493458	10	13	23	13
Mon Jul 25 21:37:38 2016	1469493458	0	23	23	19
Mon Jul 25 21:37:38 2016	1469493458	7	16	23	16
Mon Jul 25 21:37:38 2016	1469493458	10	13	23	13
Mon Jul 25 21:37:38 2016	1469493458	0	23	23	21
Mon Jul 25 21:37:38 2016	1469493458	8	15	23	12
Mon Jul 25 21:37:38 2016	1469493458	0	22	23	20
Mon Jul 25 21:37:38 2016	1469493458	6	16	23	10
Mon Jul 25 21:37:38 2016	1469493458	0	23	23	19
Mon Jul 25 21:37:38 2016	1469493458	6	17	23	10
Mon Jul 25 21:37:38 2016	1469493458	10	13	23	13
Mon Jul 25 21:37:38 2016	1469493458	3	19	23	18
Mon Jul 25 21:37:38 2016	1469493458	0	23	23	21
Mon Jul 25 21:37:38 2016	1469493458	10	13	23	12
Mon Jul 25 21:37:38 2016	1469493458	0	23	23	21
Mon Jul 25 21:37:38 2016	1469493458	10	13	23	13
Mon Jul 25 21:37:38 2016	1469493458	0	23	23	20
Mon Jul 25 21:37:38 2016	1469493458	0	23	23	22
Mon Jul 25 21:37:38 2016	1469493458	10	12	23	10
Mon Jul 25 21:37:38 2016	1469493458	0	23	23	19
Mon Jul 25 21:37:38 2016	1469493458	0	23	23	23
Mon Jul 25 21:37:38 2016	1469493458	0	23	23	19
Mon Jul 25 21:37:38 2016	1469493458	6	17	23	10
Mon Jul 25 21:37:38 2016	1469493458	6	17	23	10
Mon Jul 25 21:37:38 2016	1469493458	1	22	23	22
Mon Jul 25 21:37:38 2016	1469493458	7	16	23	16
Mon Jul 25 21:37:38 2016	1469493458	4	19	23	16
Mon Jul 25 21:37:38 2016	1469493458	4	19	23	16
Mon Jul 25 21:37:38 2016	1469493458	0	23	23	22
Mon Jul 25 21:37:38 2016	1469493458	7	16	23	16
Mon Jul 25 21:37:38 2016	1469493458	0	23	23	22
Mon Jul 25 21:37:38 2016	1469493458	10	13	23	13
Mon Jul 25 21:37:38 2016	1469493458	7	15	23	15
Mon Jul 25 21:37:38 2016	1469493458	0	23	23	22
Mon Jul 25 21:37:38 2016	1469493458	10	13	23	13
Mon Jul 25 21:37:38 2016	1469493458	0	23	23	20
Mon Jul 25 21:37:38 2016	1469493458	0	23	23	20
Mon Jul 25 21:37:38 2016	1469493458	0	23	23	22
Mon Jul 25 21:37:38 2016	1469493458	1	22	23	22
Mon Jul 25 21:37:38 2016	1469493458	1	22	23	22
Mon Jul 25 21:37:38 2016	1469493458	6	17	23	10
Mon Jul 25 21:37:38 2016	1469493458	1	22	23	22
Mon Jul 25 21:37:38 2016	1469493458	1	22	23	21
Mon Jul 25 21:37:38 2016	1469493458	10	13	23	13
Mon Jul 25 21:37:38 2016	1469493458	7	15	23	15
Mon Jul 25 21:37:38 2016	1469493458	10	13	23	12
Mon Jul 25 21:37:38 2016	1469493458	0	23	23	19
Mon Jul 25 21:37:38 2016	1469493458	7	16	23	15
Mon Jul 25 21:37:38 2016	1469493458	7	15	23	15
Mon Jul 25 21:37:38 2016	1469493458	10	13	23	13
Mon Jul 25 21:37:38 2016	1469493458	11	12	23	5
Mon Jul 25 21:37:38 2016	1469493458	11	12	23	5
Mon Jul 25 21:37:38 2016	1469493458	0	23	23	19
Mon Jul 25 21:37:38 2016	1469493458	10	13	23	13
Mon Jul 25 21:37:38 2016	1469493458	2	21	23	17
Mon Jul 25 21:37:38 2016	1469493458	2	21	23	17
Mon Jul 25 21:37:38 2016	1469493458	0	23	23	20
Mon Jul 25 21:37:38 2016	1469493458	2	21	23	17
Mon Jul 25 21:37:38 2016	1469493458	2	21	23	17
Mon Jul 25 21:37:38 2016	1469493458	2	21	23	17
Mon Jul 25 21:37:38 2016	1469493458	2	21	23	17
Mon Jul 25 21:37:38 2016	1469493458	2	21	23	16
Mon Jul 25 21:37:38 2016	1469493458	2	21	23	16
Mon Jul 25 21:37:38 2016	1469493458	11	12	23	5
Mon Jul 25 21:37:38 2016	1469493458	10	12	23	10
Mon Jul 25 21:37:38 2016	1469493458	5	18	23	17
Mon Jul 25 21:37:38 2016	1469493458	0	23	23	20
Mon Jul 25 21:37:38 2016	1469493458	1	22	23	22
Mon Jul 25 21:37:38 2016	1469493458	0	23	23	20
Mon Jul 25 21:37:38 2016	1469493458	10	13	23	13
Mon Jul 25 21:37:38 2016	1469493458	10	13	23	11
Mon Jul 25 21:37:38 2016	1469493458	7	16	23	15
Mon Jul 25 21:37:38 2016	1469493458	7	16	23	16
Mon Jul 25 21:37:38 2016	1469493458	4	19	23	16
Mon Jul 25 21:37:38 2016	1469493458	4	19	23	16
Mon Jul 25 21:37:38 2016	1469493458	0	23	23	22
Mon Jul 25 21:37:38 2016	1469493458	4	19	23	18
Mon Jul 25 21:37:38 2016	1469493458	0	23	23	21
Mon Jul 25 21:37:38 2016	1469493458	0	23	23	20
Mon Jul 25 21:37:38 2016	1469493458	7	16	23	16
Mon Jul 25 21:37:38 2016	1469493458	0	23	23	19
Mon Jul 25 21:37:38 2016	1469493458	7	16	23	16
Mon Jul 25 21:37:38 2016	1469493458	10	13	23	11
Mon Jul 25 21:37:38 2016	1469493458	7	16	23	16
Mon Jul 25 21:37:38 2016	1469493458	10	13	23	11
Mon Jul 25 21:37:38 2016	1469493458	4	19	23	16
Mon Jul 25 21:37:38 2016	1469493458	7	16	23	16
Mon Jul 25 21:37:38 2016	1469493458	7	16	23	16
Mon Jul 25 21:37:38 2016	1469493458	0	23	23	23
Mon Jul 25 21:37:38 2016	1469493458	0	23	23	23
Mon Jul 25 21:37:38 2016	1469493458	11	12	23	10
Mon Jul 25 21:37:38 2016	1469493458	11	12	23	10
Mon Jul 25 21:37:38 2016	1469493458	10	13	23	13
Mon Jul 25 21:37:38 2016	1469493458	11	13	23	11
Mon Jul 25 21:37:38 2016	1469493458	10	13	23	11
Mon Jul 25 21:37:38 2016	1469493458	11	12	23	10
Mon Jul 25 21:37:38 2016	1469493458	0	23	23	19
Mon Jul 25 21:37:38 2016	1469493458	7	16	23	16
Mon Jul 25 21:37:38 2016	1469493458	0	23	23	23
Mon Jul 25 21:37:38 2016	1469493458	1	22	23	22
Mon Jul 25 21:37:38 2016	1469493458	0	23	23	22
Mon Jul 25 21:37:38 2016	1469493458	10	13	23	11
Mon Jul 25 21:37:38 2016	1469493458	7	16	23	16
Mon Jul 25 21:37:38 2016	1469493458	7	16	23	10
Mon Jul 25 21:37:38 2016	1469493458	10	13	23	13
Mon Jul 25 21:37:38 2016	1469493458	0	23	23	22
Mon Jul 25 21:37:38 2016	1469493458	0	23	23	22
Mon Jul 25 21:37:38 2016	1469493458	0	23	23	22
Mon Jul 25 21:37:38 2016	1469493458	7	16	23	10
Mon Jul 25 21:37:38 2016	1469493458	7	16	23	16
Mon Jul 25 21:37:38 2016	1469493458	0	23	23	23
Mon Jul 25 21:37:38 2016	1469493458	7	16	23	10
Mon Jul 25 21:37:38 2016	1469493458	7	16	23	10
Mon Jul 25 21:37:38 2016	1469493458	7	16	23	10
Mon Jul 25 21:37:38 2016	1469493458	7	16	23	10
Mon Jul 25 21:37:38 2016	1469493458	0	23	23	20
Mon Jul 25 21:37:38 2016	1469493458	1	22	23	22
Mon Jul 25 21:37:38 2016	1469493458	0	23	23	19
Mon Jul 25 21:37:38 2016	1469493458	0	23	23	20
Mon Jul 25 21:37:38 2016	1469493458	0	23	23	22
Mon Jul 25 21:37:38 2016	1469493458	7	16	23	10
Mon Jul 25 21:37:38 2016	1469493458	0	23	23	23
Mon Jul 25 21:37:38 2016	1469493458	10	13	23	11
Mon Jul 25 21:37:38 2016	1469493458	10	13	23	11
Mon Jul 25 21:37:38 2016	1469493458	0	23	23	22
Mon Jul 25 21:37:38 2016	1469493458	1	22	23	22
Mon Jul 25 21:37:38 2016	1469493458	0	23	23	19
Mon Jul 25 21:37:38 2016	1469493458	1	22	23	22
Mon Jul 25 21:37:38 2016	1469493458	1	22	23	21
Mon Jul 25 21:37:38 2016	1469493458	1	23	23	21
Mon Jul 25 21:37:38 2016	1469493458	7	16	23	16
Mon Jul 25 21:37:38 2016	1469493458	7	16	23	16
Mon Jul 25 21:37:38 2016	1469493458	0	23	23	19
Mon Jul 25 21:37:38 2016	1469493458	6	17	23	16
Mon Jul 25 21:37:38 2016	1469493458	10	13	23	11
Mon Jul 25 21:37:38 2016	1469493458	10	13	23	11
Mon Jul 25 21:37:38 2016	1469493458	7	16	23	16
Mon Jul 25 21:37:38 2016	1469493458	1	23	23	22
Mon Jul 25 21:37:38 2016	1469493458	1	23	23	22
Mon Jul 25 21:37:38 2016	1469493458	4	19	23	18
Mon Jul 25 21:37:38 2016	1469493458	14	10	23	8
Mon Jul 25 21:37:38 2016	1469493458	5	18	23	11
Mon Jul 25 21:37:38 2016	1469493458	7	16	23	16
Mon Jul 25 21:37:38 2016	1469493458	5	18	23	12
Mon Jul 25 21:37:38 2016	1469493458	10	13	23	11
Mon Jul 25 21:37:38 2016	1469493458	0	23	23	19
Mon Jul 25 21:37:38 2016	1469493458	10	13	23	11
Mon Jul 25 21:37:38 2016	1469493458	10	13	23	11
Mon Jul 25 21:37:38 2016	1469493458	10	13	23	11
Mon Jul 25 21:37:38 2016	1469493458	7	16	23	16
Mon Jul 25 21:37:38 2016	1469493458	2	22	23	20
Mon Jul 25 21:37:38 2016	1469493458	5	18	23	11
Mon Jul 25 21:37:38 2016	1469493458	1	23	23	22
Mon Jul 25 21:37:38 2016	1469493458	13	10	23	8
Mon Jul 25 21:37:38 2016	1469493458	13	10	23	8
Mon Jul 25 21:37:38 2016	1469493458	14	10	23	8
Mon Jul 25 21:37:38 2016	1469493458	4	19	23	18
Mon Jul 25 21:37:38 2016	1469493458	8	16	23	15
Mon Jul 25 21:37:38 2016	1469493458	0	23	23	22
Mon Jul 25 21:37:38 2016	1469493458	1	23	23	22
Mon Jul 25 21:37:38 2016	1469493458	14	10	23	8
Mon Jul 25 21:37:38 2016	1469493458	7	17	23	17
Mon Jul 25 21:37:38 2016	1469493458	5	18	23	12
Mon Jul 25 21:37:38 2016	1469493458	2	22	23	20
Mon Jul 25 21:37:38 2016	1469493458	6	17	23	16
Mon Jul 25 21:37:38 2016	1469493458	4	19	23	18
Mon Jul 25 21:37:38 2016	1469493458	6	17	24	16
Mon Jul 25 21:37:38 2016	1469493458	6	17	24	17
Mon Jul 25 21:37:38 2016	1469493458	6	17	24	17
Mon Jul 25 21:37:38 2016	1469493458	4	19	24	17
Mon Jul 25 21:37:38 2016	1469493458	5	19	24	17
Mon Jul 25 21:37:38 2016	1469493458	5	19	24	17
Mon Jul 25 21:37:38 2016	1469493458	4	19	24	17
Mon Jul 25 21:37:38 2016	1469493458	4	19	24	17
Mon Jul 25 21:37:38 2016	1469493458	6	18	24	17
Mon Jul 25 21:37:38 2016	1469493458	0	24	24	23
Mon Jul 25 21:37:38 2016	1469493458	7	16	24	16
Mon Jul 25 21:37:38 2016	1469493458	9	15	24	15
Mon Jul 25 21:37:38 2016	1469493458	5	18	24	12
Mon Jul 25 21:37:38 2016	1469493458	10	13	24	11
Mon Jul 25 21:37:38 2016	1469493458	6	18	24	17
Mon Jul 25 21:37:38 2016	1469493458	6	18	24	18
Mon Jul 25 21:37:38 2016	1469493458	6	18	24	17
Mon Jul 25 21:37:38 2016	1469493458	6	18	24	18
Mon Jul 25 21:37:38 2016	1469493458	6	18	24	17
Mon Jul 25 21:37:38 2016	1469493458	6	18	24	18
Mon Jul 25 21:37:38 2016	1469493458	11	13	24	11
Mon Jul 25 21:37:38 2016	1469493458	6	18	24	18
Mon Jul 25 21:37:38 2016	1469493458	11	13	24	11
Mon Jul 25 21:37:38 2016	1469493458	11	13	24	11
Mon Jul 25 21:37:38 2016	1469493458	5	19	24	17
Mon Jul 25 21:37:38 2016	1469493458	11	12	24	11
Mon Jul 25 21:37:38 2016	1469493458	11	13	24	11
Mon Jul 25 21:37:38 2016	1469493458	0	24	24	23
Mon Jul 25 21:37:38 2016	1469493458	11	13	24	11
Mon Jul 25 21:37:38 2016	1469493458	0	24	24	21
Mon Jul 25 21:37:38 2016	1469493458	6	18	24	18
Mon Jul 25 21:37:38 2016	1469493458	6	18	24	18
Mon Jul 25 21:37:38 2016	1469493458	6	18	24	18
Mon Jul 25 21:37:38 2016	1469493458	9	15	24	15
Mon Jul 25 21:37:38 2016	1469493458	0	24	24	21
Mon Jul 25 21:37:38 2016	1469493458	11	12	24	11
Mon Jul 25 21:37:38 2016	1469493458	0	24	24	20
Mon Jul 25 21:37:38 2016	1469493458	0	24	24	23
Mon Jul 25 21:37:38 2016	1469493458	5	19	24	17
Mon Jul 25 21:37:38 2016	1469493458	4	19	24	17
Mon Jul 25 21:37:38 2016	1469493458	1	23	24	22
Mon Jul 25 21:37:38 2016	1469493458	1	23	24	22
Mon Jul 25 21:37:38 2016	1469493458	1	23	24	22
Mon Jul 25 21:37:38 2016	1469493458	1	23	24	22
Mon Jul 25 21:37:38 2016	1469493458	8	16	24	16
Mon Jul 25 21:37:38 2016	1469493458	0	24	24	21
Mon Jul 25 21:37:38 2016	1469493458	5	18	24	12
Mon Jul 25 21:37:38 2016	1469493458	14	10	24	9
Mon Jul 25 21:37:38 2016	1469493458	11	12	24	11
Mon Jul 25 21:37:38 2016	1469493458	0	24	24	21
Mon Jul 25 21:37:38 2016	1469493458	0	24	24	21
Mon Jul 25 21:37:38 2016	1469493458	9	15	24	15
Mon Jul 25 21:37:38 2016	1469493458	11	12	24	11
Mon Jul 25 21:37:38 2016	1469493458	6	18	24	17
Mon Jul 25 21:37:38 2016	1469493458	0	24	24	21
Mon Jul 25 21:37:38 2016	1469493458	11	12	24	11
Mon Jul 25 21:37:38 2016	1469493458	6	18	24	18
Mon Jul 25 21:37:38 2016	1469493458	12	12	24	10
Mon Jul 25 21:37:38 2016	1469493458	12	12	24	3
Mon Jul 25 21:37:38 2016	1469493458	0	24	24	20
Mon Jul 25 21:37:38 2016	1469493458	12	12	24	10
Mon Jul 25 21:37:38 2016	1469493458	2	22	24	20
Mon Jul 25 21:37:38 2016	1469493458	12	12	24	10
Mon Jul 25 21:37:38 2016	1469493458	12	12	24	10
Mon Jul 25 21:37:38 2016	1469493458	12	12	24	10
Mon Jul 25 21:37:38 2016	1469493458	8	15	24	15
Mon Jul 25 21:37:38 2016	1469493458	0	24	24	22
Mon Jul 25 21:37:38 2016	1469493458	12	12	24	10
Mon Jul 25 21:37:38 2016	1469493458	12	12	24	3
Mon Jul 25 21:37:38 2016	1469493458	12	12	24	10
Mon Jul 25 21:37:38 2016	1469493458	2	22	24	20
Mon Jul 25 21:37:38 2016	1469493458	12	12	24	10
Mon Jul 25 21:37:38 2016	1469493458	12	12	24	3
Mon Jul 25 21:37:38 2016	1469493458	0	24	24	21
Mon Jul 25 21:37:38 2016	1469493458	0	24	24	22
Mon Jul 25 21:37:38 2016	1469493458	12	12	24	10
Mon Jul 25 21:37:38 2016	1469493458	0	24	24	22
Mon Jul 25 21:37:38 2016	1469493458	12	12	24	3
Mon Jul 25 21:37:38 2016	1469493458	2	22	24	20
Mon Jul 25 21:37:38 2016	1469493458	0	24	24	22
Mon Jul 25 21:37:38 2016	1469493458	1	23	24	23
Mon Jul 25 21:37:38 2016	1469493458	12	12	24	10
Mon Jul 25 21:37:38 2016	1469493458	0	24	24	21
Mon Jul 25 21:37:38 2016	1469493458	2	22	24	20
Mon Jul 25 21:37:38 2016	1469493458	12	12	24	3
Mon Jul 25 21:37:38 2016	1469493458	12	12	24	10
Mon Jul 25 21:37:38 2016	1469493458	0	24	24	21
Mon Jul 25 21:37:38 2016	1469493458	12	12	24	3
Mon Jul 25 21:37:38 2016	1469493458	12	12	24	10
Mon Jul 25 21:37:38 2016	1469493458	12	12	24	10
Mon Jul 25 21:37:38 2016	1469493458	8	15	24	15
Mon Jul 25 21:37:38 2016	1469493458	12	12	24	3
Mon Jul 25 21:37:38 2016	1469493458	0	24	24	18
Mon Jul 25 21:37:38 2016	1469493458	12	12	24	10
Mon Jul 25 21:37:38 2016	1469493458	1	23	24	23
Mon Jul 25 21:37:38 2016	1469493458	2	22	24	20
Mon Jul 25 21:37:38 2016	1469493458	12	12	24	10
Mon Jul 25 21:37:38 2016	1469493458	12	12	24	10
Mon Jul 25 21:37:38 2016	1469493458	0	24	24	23
Mon Jul 25 21:37:38 2016	1469493458	5	19	24	17
Mon Jul 25 21:37:38 2016	1469493458	10	14	24	11
Mon Jul 25 21:37:38 2016	1469493458	0	24	24	22
Mon Jul 25 21:37:38 2016	1469493458	2	22	24	20
Mon Jul 25 21:37:38 2016	1469493458	0	24	24	18
Mon Jul 25 21:37:38 2016	1469493458	5	19	24	10
Mon Jul 25 21:37:38 2016	1469493458	9	15	24	15
Mon Jul 25 21:37:38 2016	1469493458	0	24	24	23
Mon Jul 25 21:37:38 2016	1469493458	9	15	24	15
Mon Jul 25 21:37:38 2016	1469493458	0	24	24	23
Mon Jul 25 21:37:38 2016	1469493458	9	15	24	15
Mon Jul 25 21:37:38 2016	1469493458	1	23	24	23
Mon Jul 25 21:37:38 2016	1469493458	8	16	24	15
Mon Jul 25 21:37:38 2016	1469493458	8	16	24	15
Mon Jul 25 21:37:38 2016	1469493458	9	15	24	15
Mon Jul 25 21:37:38 2016	1469493458	5	19	24	10
Mon Jul 25 21:37:38 2016	1469493458	5	19	24	10
Mon Jul 25 21:37:38 2016	1469493458	5	19	24	10
Mon Jul 25 21:37:38 2016	1469493458	5	19	24	10
Mon Jul 25 21:37:38 2016	1469493458	2	22	24	20
Mon Jul 25 21:37:38 2016	1469493458	2	22	24	20
Mon Jul 25 21:37:38 2016	1469493458	5	19	24	10
Mon Jul 25 21:37:38 2016	1469493458	1	24	24	24
Mon Jul 25 21:37:38 2016	1469493458	1	23	24	23
Mon Jul 25 21:37:38 2016	1469493458	0	24	24	22
Mon Jul 25 21:37:38 2016	1469493458	10	14	24	14
Mon Jul 25 21:37:38 2016	1469493458	6	18	24	18
Mon Jul 25 21:37:38 2016	1469493458	0	24	24	21
Mon Jul 25 21:37:38 2016	1469493458	8	16	24	16
Mon Jul 25 21:37:38 2016	1469493458	9	15	24	15
Mon Jul 25 21:37:38 2016	1469493458	12	12	24	4
Mon Jul 25 21:37:38 2016	1469493458	9	15	24	15
Mon Jul 25 21:37:38 2016	1469493458	1	23	24	23
Mon Jul 25 21:37:38 2016	1469493458	12	12	24	4
Mon Jul 25 21:37:38 2016	1469493458	0	24	24	21
Mon Jul 25 21:37:38 2016	1469493458	0	24	24	24
Mon Jul 25 21:37:38 2016	1469493458	9	15	24	15
Mon Jul 25 21:37:38 2016	1469493458	5	19	24	17
Mon Jul 25 21:37:38 2016	1469493458	8	16	24	16
Mon Jul 25 21:37:38 2016	1469493458	5	19	24	10
Mon Jul 25 21:37:38 2016	1469493458	5	19	24	10
Mon Jul 25 21:37:38 2016	1469493458	9	15	24	15
Mon Jul 25 21:37:38 2016	1469493458	0	24	24	24
Mon Jul 25 21:37:38 2016	1469493458	0	24	24	22
Mon Jul 25 21:37:38 2016	1469493458	9	15	24	15
Mon Jul 25 21:37:38 2016	1469493458	9	15	24	15
Mon Jul 25 21:37:38 2016	1469493458	0	24	24	24
Mon Jul 25 21:37:38 2016	1469493458	6	18	24	18
Mon Jul 25 21:37:38 2016	1469493458	0	24	24	22
Mon Jul 25 21:37:38 2016	1469493458	1	23	24	23
Mon Jul 25 21:37:38 2016	1469493458	8	16	24	16
Mon Jul 25 21:37:38 2016	1469493458	9	15	24	15
Mon Jul 25 21:37:38 2016	1469493458	9	15	24	15
Mon Jul 25 21:37:38 2016	1469493458	9	15	24	15
Mon Jul 25 21:37:38 2016	1469493458	0	24	24	24
Mon Jul 25 21:37:38 2016	1469493458	0	24	24	22
Mon Jul 25 21:37:38 2016	1469493458	1	23	24	23
Mon Jul 25 21:37:38 2016	1469493458	0	24	24	20
Mon Jul 25 21:37:38 2016	1469493458	9	15	24	15
Mon Jul 25 21:37:38 2016	1469493458	7	17	24	16
Mon Jul 25 21:37:38 2016	1469493458	12	12	24	4
Mon Jul 25 21:37:38 2016	1469493458	0	24	24	24
Mon Jul 25 21:37:38 2016	1469493458	0	24	24	22
Mon Jul 25 21:37:38 2016	1469493458	0	24	24	23
Mon Jul 25 21:37:38 2016	1469493458	8	16	24	16
Mon Jul 25 21:37:38 2016	1469493458	9	15	24	15
Mon Jul 25 21:37:38 2016	1469493458	11	13	24	11
Mon Jul 25 21:37:38 2016	1469493458	11	14	24	4
Mon Jul 25 21:37:38 2016	1469493458	5	19	24	10
Mon Jul 25 21:37:38 2016	1469493458	8	17	24	16
Mon Jul 25 21:37:38 2016	1469493458	0	24	24	24
Mon Jul 25 21:37:38 2016	1469493458	9	15	24	15
Mon Jul 25 21:37:38 2016	1469493458	0	24	24	24
Mon Jul 25 21:37:38 2016	1469493458	0	24	24	24
Mon Jul 25 21:37:38 2016	1469493458	8	16	24	16
Mon Jul 25 21:37:38 2016	1469493458	0	24	24	23
Mon Jul 25 21:37:38 2016	1469493458	0	24	24	24
Mon Jul 25 21:37:38 2016	1469493458	0	24	24	24
Mon Jul 25 21:37:38 2016	1469493458	10	14	24	11
Mon Jul 25 21:37:38 2016	1469493458	2	22	24	22
Mon Jul 25 21:37:38 2016	1469493458	12	13	24	12
Mon Jul 25 21:37:38 2016	1469493458	0	24	24	24
Mon Jul 25 21:37:38 2016	1469493458	9	15	24	15
Mon Jul 25 21:37:38 2016	1469493458	10	14	24	11
Mon Jul 25 21:37:38 2016	1469493458	6	18	24	18
Mon Jul 25 21:37:38 2016	1469493458	10	14	24	11
Mon Jul 25 21:37:38 2016	1469493458	10	14	24	11
Mon Jul 25 21:37:38 2016	1469493458	10	14	24	11
Mon Jul 25 21:37:38 2016	1469493458	10	14	24	11
Mon Jul 25 21:37:38 2016	1469493458	10	15	24	11
Mon Jul 25 21:37:38 2016	1469493458	10	14	24	11
Mon Jul 25 21:37:38 2016	1469493458	0	24	24	22
Mon Jul 25 21:37:38 2016	1469493458	10	14	24	14
Mon Jul 25 21:37:38 2016	1469493458	10	15	24	15
Mon Jul 25 21:37:38 2016	1469493458	10	14	24	11
Mon Jul 25 21:37:38 2016	1469493458	0	24	24	22
Mon Jul 25 21:37:38 2016	1469493458	5	20	24	19
Mon Jul 25 21:37:38 2016	1469493458	0	24	24	22
Mon Jul 25 21:37:38 2016	1469493458	5	20	24	20
Mon Jul 25 21:37:38 2016	1469493458	5	20	24	20
Mon Jul 25 21:37:38 2016	1469493458	10	14	24	10
Mon Jul 25 21:37:38 2016	1469493458	10	15	24	15
Mon Jul 25 21:37:38 2016	1469493458	12	13	24	12
Mon Jul 25 21:37:38 2016	1469493458	10	15	24	10
Mon Jul 25 21:37:38 2016	1469493458	0	24	25	18
Mon Jul 25 21:37:38 2016	1469493458	10	14	25	14
Mon Jul 25 21:37:38 2016	1469493458	9	15	25	15
Mon Jul 25 21:37:38 2016	1469493458	8	16	25	15
Mon Jul 25 21:37:38 2016	1469493458	10	15	25	10
Mon Jul 25 21:37:38 2016	1469493458	10	15	25	10
Mon Jul 25 21:37:38 2016	1469493458	0	25	25	24
Mon Jul 25 21:37:38 2016	1469493458	10	15	25	10
Mon Jul 25 21:37:38 2016	1469493458	10	15	25	10
Mon Jul 25 21:37:38 2016	1469493458	10	15	25	11
Mon Jul 25 21:37:38 2016	1469493458	10	15	25	11
Mon Jul 25 21:37:38 2016	1469493458	10	15	25	10
Mon Jul 25 21:37:38 2016	1469493458	9	15	25	10
Mon Jul 25 21:37:38 2016	1469493458	0	24	25	22
Mon Jul 25 21:37:38 2016	1469493458	9	16	25	15
Mon Jul 25 21:37:38 2016	1469493458	10	15	25	12
Mon Jul 25 21:37:38 2016	1469493458	9	15	25	15
Mon Jul 25 21:37:38 2016	1469493458	10	14	25	10
Mon Jul 25 21:37:38 2016	1469493458	10	15	25	10
Mon Jul 25 21:37:38 2016	1469493458	7	17	25	16
Mon Jul 25 21:37:38 2016	1469493458	10	15	25	15
Mon Jul 25 21:37:38 2016	1469493458	9	15	25	15
Mon Jul 25 21:37:38 2016	1469493458	8	17	25	17
Mon Jul 25 21:37:38 2016	1469493458	8	16	25	15
Mon Jul 25 21:37:38 2016	1469493458	7	17	25	16
Mon Jul 25 21:37:38 2016	1469493458	0	25	25	23
Mon Jul 25 21:37:38 2016	1469493458	1	23	25	23
Mon Jul 25 21:37:38 2016	1469493458	13	11	25	8
Mon Jul 25 21:37:38 2016	1469493458	9	16	25	15
Mon Jul 25 21:37:38 2016	1469493458	7	17	25	16
Mon Jul 25 21:37:38 2016	1469493458	7	17	25	16
Mon Jul 25 21:37:38 2016	1469493458	8	16	25	16
Mon Jul 25 21:37:38 2016	1469493458	10	15	25	12
Mon Jul 25 21:37:38 2016	1469493458	7	17	25	16
Mon Jul 25 21:37:38 2016	1469493458	13	11	25	8
Mon Jul 25 21:37:38 2016	1469493458	11	13	25	12
Mon Jul 25 21:37:38 2016	1469493458	9	16	25	15
Mon Jul 25 21:37:38 2016	1469493458	11	13	25	12
Mon Jul 25 21:37:38 2016	1469493458	0	25	25	23
Mon Jul 25 21:37:38 2016	1469493458	11	13	25	11
Mon Jul 25 21:37:38 2016	1469493458	11	13	25	11
Mon Jul 25 21:37:38 2016	1469493458	11	13	25	11
Mon Jul 25 21:37:38 2016	1469493458	7	17	25	16
Mon Jul 25 21:37:38 2016	1469493458	9	16	25	16
Mon Jul 25 21:37:38 2016	1469493458	9	16	25	15
Mon Jul 25 21:37:38 2016	1469493458	10	15	25	15
Mon Jul 25 21:37:38 2016	1469493458	12	13	25	11
Mon Jul 25 21:37:38 2016	1469493458	7	17	25	16
Mon Jul 25 21:37:38 2016	1469493458	0	25	25	23
Mon Jul 25 21:37:38 2016	1469493458	9	16	25	15
Mon Jul 25 21:37:38 2016	1469493458	9	16	25	16
Mon Jul 25 21:37:38 2016	1469493458	9	16	25	15
Mon Jul 25 21:37:38 2016	1469493458	9	16	25	16
Mon Jul 25 21:37:38 2016	1469493458	8	17	25	16
Mon Jul 25 21:37:38 2016	1469493458	8	17	25	16
Mon Jul 25 21:37:38 2016	1469493458	8	17	25	17
Mon Jul 25 21:37:38 2016	1469493458	3	22	25	22
Mon Jul 25 21:37:38 2016	1469493458	0	25	25	23
Mon Jul 25 21:37:38 2016	1469493458	0	25	25	23
Mon Jul 25 21:37:38 2016	1469493458	9	16	25	15
Mon Jul 25 21:37:38 2016	1469493458	9	16	25	15
Mon Jul 25 21:37:38 2016	1469493458	9	16	25	16
Mon Jul 25 21:37:38 2016	1469493458	0	25	25	24
Mon Jul 25 21:37:38 2016	1469493458	9	16	25	16
Mon Jul 25 21:37:38 2016	1469493458	14	11	25	9
Mon Jul 25 21:37:38 2016	1469493458	14	11	25	9
Mon Jul 25 21:37:38 2016	1469493458	14	11	25	9
Mon Jul 25 21:37:38 2016	1469493458	14	11	25	9
Mon Jul 25 21:37:38 2016	1469493458	14	11	25	9
Mon Jul 25 21:37:38 2016	1469493458	14	11	25	9
Mon Jul 25 21:37:38 2016	1469493458	9	16	25	15
Mon Jul 25 21:37:38 2016	1469493458	9	16	25	15
Mon Jul 25 21:37:38 2016	1469493458	14	11	25	9
Mon Jul 25 21:37:38 2016	1469493458	6	19	25	19
Mon Jul 25 21:37:38 2016	1469493458	8	17	25	16
Mon Jul 25 21:37:38 2016	1469493458	10	15	25	12
Mon Jul 25 21:37:38 2016	1469493458	0	25	25	24
Mon Jul 25 21:37:38 2016	1469493458	9	16	25	16
Mon Jul 25 21:37:38 2016	1469493458	9	16	25	15
Mon Jul 25 21:37:38 2016	1469493458	6	19	25	19
Mon Jul 25 21:37:38 2016	1469493458	0	25	25	23
Mon Jul 25 21:37:38 2016	1469493458	0	25	25	24
Mon Jul 25 21:37:38 2016	1469493458	11	14	25	12
Mon Jul 25 21:37:38 2016	1469493458	11	14	25	12
Mon Jul 25 21:37:38 2016	1469493458	11	14	25	12
Mon Jul 25 21:37:38 2016	1469493458	11	14	25	12
Mon Jul 25 21:37:38 2016	1469493458	10	16	25	11
Mon Jul 25 21:37:38 2016	1469493458	9	16	25	16
Mon Jul 25 21:37:38 2016	1469493458	9	16	25	16
Mon Jul 25 21:37:38 2016	1469493458	0	25	25	24
Mon Jul 25 21:37:38 2016	1469493458	6	20	25	11
Mon Jul 25 21:37:38 2016	1469493458	8	17	25	17
Mon Jul 25 21:37:38 2016	1469493458	10	16	25	15
Mon Jul 25 21:37:38 2016	1469493458	0	25	25	24
Mon Jul 25 21:37:38 2016	1469493458	9	16	25	15
Mon Jul 25 21:37:38 2016	1469493458	9	16	25	11
Mon Jul 25 21:37:38 2016	1469493458	6	20	25	11
Mon Jul 25 21:37:38 2016	1469493458	6	20	25	11
Mon Jul 25 21:37:38 2016	1469493458	9	16	25	16
Mon Jul 25 21:37:38 2016	1469493458	10	15	25	15
Mon Jul 25 21:37:38 2016	1469493458	8	17	25	17
Mon Jul 25 21:37:38 2016	1469493458	8	17	25	16
Mon Jul 25 21:37:38 2016	1469493458	8	18	25	18
Mon Jul 25 21:37:38 2016	1469493458	9	17	25	16
Mon Jul 25 21:37:38 2016	1469493458	7	19	25	18
Mon Jul 25 21:37:38 2016	1469493458	2	24	25	15
Mon Jul 25 21:37:38 2016	1469493458	8	17	26	17
Mon Jul 25 21:37:38 2016	1469493458	11	15	26	12
Mon Jul 25 21:37:38 2016	1469493458	9	16	26	16
Mon Jul 25 21:37:38 2016	1469493458	8	18	26	18
Mon Jul 25 21:37:38 2016	1469493458	9	17	26	17
Mon Jul 25 21:37:38 2016	1469493458	11	15	26	12
Mon Jul 25 21:37:38 2016	1469493458	11	15	26	12
Mon Jul 25 21:37:38 2016	1469493458	11	15	26	12
Mon Jul 25 21:37:38 2016	1469493458	10	16	26	15
Mon Jul 25 21:37:38 2016	1469493458	11	15	26	12
Mon Jul 25 21:37:38 2016	1469493458	8	18	26	17
Mon Jul 25 21:37:38 2016	1469493458	10	16	26	11
Mon Jul 25 21:37:38 2016	1469493458	10	16	26	11
Mon Jul 25 21:37:38 2016	1469493458	11	15	26	12
Mon Jul 25 21:37:38 2016	1469493458	8	18	26	17
Mon Jul 25 21:37:38 2016	1469493458	11	15	26	12
Mon Jul 25 21:37:38 2016	1469493458	11	15	26	12
Mon Jul 25 21:37:38 2016	1469493458	11	15	26	12
Mon Jul 25 21:37:38 2016	1469493458	11	15	26	12
Mon Jul 25 21:37:38 2016	1469493458	10	15	26	15
Mon Jul 25 21:37:38 2016	1469493458	11	15	26	12
Mon Jul 25 21:37:38 2016	1469493458	8	17	26	17
Mon Jul 25 21:37:38 2016	1469493458	11	15	26	12
Mon Jul 25 21:37:38 2016	1469493458	11	15	26	12
Mon Jul 25 21:37:38 2016	1469493458	8	17	26	17
Mon Jul 25 21:37:38 2016	1469493458	10	15	26	15
Mon Jul 25 21:37:38 2016	1469493458	9	17	26	17
Mon Jul 25 21:37:38 2016	1469493458	10	16	26	11
Mon Jul 25 21:37:38 2016	1469493458	8	17	26	17
Mon Jul 25 21:37:38 2016	1469493458	11	15	26	12
Mon Jul 25 21:37:38 2016	1469493458	6	20	26	20
Mon Jul 25 21:37:38 2016	1469493458	11	15	26	12
Mon Jul 25 21:37:38 2016	1469493458	11	15	26	12
Mon Jul 25 21:37:38 2016	1469493458	6	20	26	20
Mon Jul 25 21:37:38 2016	1469493458	11	15	26	12
Mon Jul 25 21:37:38 2016	1469493458	8	17	26	17
Mon Jul 25 21:37:38 2016	1469493458	11	15	26	12
Mon Jul 25 21:37:38 2016	1469493458	11	15	26	12
Mon Jul 25 21:37:38 2016	1469493458	11	15	26	12
Mon Jul 25 21:37:38 2016	1469493458	11	15	26	12
Mon Jul 25 21:37:38 2016	1469493458	11	15	26	12
Mon Jul 25 21:37:38 2016	1469493458	2	24	26	15
Mon Jul 25 21:37:38 2016	1469493458	8	17	26	17
Mon Jul 25 21:37:38 2016	1469493458	10	16	26	11
Mon Jul 25 21:37:38 2016	1469493458	8	17	26	17
Mon Jul 25 21:37:38 2016	1469493458	2	24	26	15
Mon Jul 25 21:37:38 2016	1469493458	10	16	26	11
Mon Jul 25 21:37:38 2016	1469493458	10	16	26	11
Mon Jul 25 21:37:38 2016	1469493458	9	16	26	11
Mon Jul 25 21:37:38 2016	1469493458	9	17	26	16
Mon Jul 25 21:37:38 2016	1469493458	9	17	26	17
Mon Jul 25 21:37:38 2016	1469493458	8	17	26	16
Mon Jul 25 21:37:38 2016	1469493458	10	16	26	11
Mon Jul 25 21:37:38 2016	1469493458	6	20	26	19
Mon Jul 25 21:37:38 2016	1469493458	9	16	26	11
Mon Jul 25 21:37:38 2016	1469493458	10	16	26	15
Mon Jul 25 21:37:38 2016	1469493458	9	17	26	17
Mon Jul 25 21:37:38 2016	1469493458	6	20	26	19
Mon Jul 25 21:37:38 2016	1469493458	9	17	26	11
Mon Jul 25 21:37:38 2016	1469493458	9	17	26	11
Mon Jul 25 21:37:38 2016	1469493458	10	16	26	10
Mon Jul 25 21:37:38 2016	1469493458	9	17	26	17
Mon Jul 25 21:37:38 2016	1469493458	9	17	26	17
Mon Jul 25 21:37:38 2016	1469493458	6	20	26	19
Mon Jul 25 21:37:38 2016	1469493458	6	20	26	18
Mon Jul 25 21:37:38 2016	1469493458	11	15	26	12
Mon Jul 25 21:37:38 2016	1469493458	1	26	26	25
Mon Jul 25 21:37:38 2016	1469493458	9	18	26	17
Mon Jul 25 21:37:38 2016	1469493458	6	20	26	19
Mon Jul 25 21:37:38 2016	1469493458	9	17	26	17
Mon Jul 25 21:37:38 2016	1469493458	10	16	26	11
Mon Jul 25 21:37:38 2016	1469493458	10	16	26	16
Mon Jul 25 21:37:38 2016	1469493458	9	18	26	17
Mon Jul 25 21:37:38 2016	1469493458	9	17	26	15
Mon Jul 25 21:37:38 2016	1469493458	6	20	26	12
Mon Jul 25 21:37:38 2016	1469493458	6	20	26	12
Mon Jul 25 21:37:38 2016	1469493458	9	18	26	17
Mon Jul 25 21:37:38 2016	1469493458	0	26	26	25
Mon Jul 25 21:37:38 2016	1469493458	8	19	26	14
Mon Jul 25 21:37:38 2016	1469493458	3	23	26	23
Mon Jul 25 21:37:38 2016	1469493458	8	19	26	14
Mon Jul 25 21:37:38 2016	1469493458	0	26	26	25
Mon Jul 25 21:37:38 2016	1469493458	8	19	26	14
Mon Jul 25 21:37:38 2016	1469493458	6	20	26	19
Mon Jul 25 21:37:38 2016	1469493458	8	19	26	14
Mon Jul 25 21:37:38 2016	1469493458	8	18	26	14
Mon Jul 25 21:37:38 2016	1469493458	9	18	26	17
Mon Jul 25 21:37:38 2016	1469493458	0	26	26	25
Mon Jul 25 21:37:38 2016	1469493458	9	18	27	18
Mon Jul 25 21:37:38 2016	1469493458	9	18	27	17
Mon Jul 25 21:37:38 2016	1469493458	0	26	27	25
Mon Jul 25 21:37:38 2016	1469493458	0	26	27	25
Mon Jul 25 21:37:38 2016	1469493458	0	26	27	25
Mon Jul 25 21:37:38 2016	1469493458	14	12	27	9
Mon Jul 25 21:37:38 2016	1469493458	6	20	27	12
Mon Jul 25 21:37:38 2016	1469493458	0	26	27	26
Mon Jul 25 21:37:38 2016	1469493458	0	26	27	25
Mon Jul 25 21:37:38 2016	1469493458	14	13	27	9
Mon Jul 25 21:37:38 2016	1469493458	9	18	27	17
Mon Jul 25 21:37:38 2016	1469493458	14	13	27	9
Mon Jul 25 21:37:38 2016	1469493458	9	18	27	17
Mon Jul 25 21:37:38 2016	1469493458	15	12	27	10
Mon Jul 25 21:37:38 2016	1469493458	9	18	27	18
Mon Jul 25 21:37:38 2016	1469493458	14	13	27	10
Mon Jul 25 21:37:38 2016	1469493458	14	12	27	10
Mon Jul 25 21:37:38 2016	1469493458	15	12	27	10
Mon Jul 25 21:37:38 2016	1469493458	14	13	27	10
Mon Jul 25 21:37:38 2016	1469493458	15	12	27	10
Mon Jul 25 21:37:38 2016	1469493458	14	13	27	10
Mon Jul 25 21:37:38 2016	1469493458	14	13	27	10
Mon Jul 25 21:37:38 2016	1469493458	15	12	27	10
Mon Jul 25 21:37:38 2016	1469493458	14	13	27	10
Mon Jul 25 21:37:38 2016	1469493458	9	18	27	18
Mon Jul 25 21:37:38 2016	1469493458	0	27	27	26
Mon Jul 25 21:37:38 2016	1469493458	2	25	27	24
Mon Jul 25 21:37:38 2016	1469493458	9	19	27	19
Mon Jul 25 21:37:38 2016	1469493458	9	19	27	19
Mon Jul 25 21:37:38 2016	1469493458	9	19	27	18
Mon Jul 25 21:37:38 2016	1469493458	14	14	28	8
Mon Jul 25 21:37:38 2016	1469493458	7	20	28	14
Mon Jul 25 21:37:38 2016	1469493458	8	20	28	14
Mon Jul 25 21:37:38 2016	1469493458	8	20	28	14
Mon Jul 25 21:37:38 2016	1469493458	10	18	28	17
Mon Jul 25 21:37:38 2016	1469493458	8	20	28	14
Mon Jul 25 21:37:38 2016	1469493458	8	20	28	14
Mon Jul 25 21:37:38 2016	1469493458	11	17	28	8
Mon Jul 25 21:37:38 2016	1469493458	10	18	28	17
Mon Jul 25 21:37:38 2016	1469493458	7	21	28	14
Mon Jul 25 21:37:38 2016	1469493458	7	21	28	14
Mon Jul 25 21:37:38 2016	1469493458	7	21	28	14
Mon Jul 25 21:37:38 2016	1469493458	7	21	28	14
Mon Jul 25 21:37:38 2016	1469493458	6	22	28	14
Mon Jul 25 21:37:38 2016	1469493458	7	21	28	14
Mon Jul 25 21:37:38 2016	1469493458	7	22	28	14
Mon Jul 25 21:37:38 2016	1469493458	7	22	28	14
Mon Jul 25 21:37:38 2016	1469493458	7	22	28	14
Mon Jul 25 21:37:38 2016	1469493458	7	21	28	14
Mon Jul 25 21:37:38 2016	1469493458	7	21	28	14
Mon Jul 25 21:37:38 2016	1469493458	7	21	28	14
Mon Jul 25 21:37:38 2016	1469493458	12	17	28	8
Mon Jul 25 21:37:38 2016	1469493458	7	21	28	14
Mon Jul 25 21:37:38 2016	1469493458	7	21	28	14
Mon Jul 25 21:37:38 2016	1469493458	7	21	28	14
Mon Jul 25 21:37:38 2016	1469493458	7	21	28	14
Mon Jul 25 21:37:38 2016	1469493458	7	21	28	14
Mon Jul 25 21:37:38 2016	1469493458	7	21	28	14
Mon Jul 25 21:37:38 2016	1469493458	7	21	28	14
Mon Jul 25 21:37:38 2016	1469493458	7	21	28	14
Mon Jul 25 21:37:38 2016	1469493458	7	21	28	14
Mon Jul 25 21:37:38 2016	1469493458	14	15	29	13
Mon Jul 25 21:37:38 2016	1469493458	7	22	29	14
Mon Jul 25 21:37:38 2016	1469493458	13	16	29	14
Mon Jul 25 21:37:38 2016	1469493458	13	16	29	14
Mon Jul 25 21:37:38 2016	1469493458	13	16	29	14
Mon Jul 25 21:37:38 2016	1469493458	14	15	29	14
Mon Jul 25 21:37:38 2016	1469493458	14	15	29	13
Mon Jul 25 21:37:38 2016	1469493458	14	15	29	13
Mon Jul 25 21:37:38 2016	1469493458	14	15	29	13
Mon Jul 25 21:37:38 2016	1469493458	14	15	29	13
Mon Jul 25 21:37:38 2016	1469493458	14	15	29	13
Mon Jul 25 21:37:38 2016	1469493458	14	15	29	13
Mon Jul 25 21:37:38 2016	1469493458	14	15	29	13
Mon Jul 25 21:37:38 2016	1469493458	14	15	29	13
Mon Jul 25 21:37:38 2016	1469493458	14	15	29	13
Mon Jul 25 21:37:38 2016	1469493458	14	15	29	13
Mon Jul 25 21:37:38 2016	1469493458	14	15	29	13
Mon Jul 25 21:37:38 2016	1469493458	14	15	29	13
Mon Jul 25 21:37:38 2016	1469493458	14	15	29	13
Mon Jul 25 21:37:38 2016	1469493458	14	15	29	13
Mon Jul 25 21:37:38 2016	1469493458	14	15	29	14
Mon Jul 25 21:37:38 2016	1469493458	12	18	29	17
Mon Jul 25 21:37:38 2016	1469493458	12	18	29	17
Mon Jul 25 21:37:38 2016	1469493458	12	18	29	17
Mon Jul 25 21:37:38 2016	1469493458	12	18	29	17
Mon Jul 25 21:37:38 2016	1469493458	12	18	29	17
Mon Jul 25 21:37:38 2016	1469493458	12	18	29	17
Mon Jul 25 21:37:38 2016	1469493458	15	15	30	10
Mon Jul 25 21:37:38 2016	1469493458	12	18	30	17
Mon Jul 25 21:37:38 2016	1469493458	12	18	30	17
Mon Jul 25 21:37:38 2016	1469493458	15	15	30	10
Mon Jul 25 21:37:38 2016	1469493458	15	15	30	11
Mon Jul 25 21:37:38 2016	1469493458	12	18	30	17
Mon Jul 25 21:37:38 2016	1469493458	12	18	30	17
Mon Jul 25 21:37:38 2016	1469493458	15	15	30	11
Mon Jul 25 21:37:38 2016	1469493458	12	18	30	17
Mon Jul 25 21:37:38 2016	1469493458	12	18	30	17
Mon Jul 25 21:37:38 2016	1469493458	1	29	30	17
Mon Jul 25 21:37:38 2016	1469493458	10	20	30	20
Mon Jul 25 21:37:38 2016	1469493458	12	19	30	14
Mon Jul 25 21:37:38 2016	1469493458	8	23	30	14
Mon Jul 25 21:37:38 2016	1469493458	15	15	30	9
Mon Jul 25 21:37:38 2016	1469493458	15	15	30	9
Mon Jul 25 21:37:38 2016	1469493458	14	16	30	9
Mon Jul 25 21:37:38 2016	1469493458	14	16	30	10
Mon Jul 25 21:37:38 2016	1469493458	15	15	30	9
Mon Jul 25 21:37:38 2016	1469493458	15	15	30	9
Mon Jul 25 21:37:38 2016	1469493458	15	15	30	9
Mon Jul 25 21:37:38 2016	1469493458	15	15	30	9
Mon Jul 25 21:37:38 2016	1469493458	15	15	31	9
Mon Jul 25 21:37:38 2016	1469493458	15	15	31	9
Mon Jul 25 21:37:38 2016	1469493458	15	15	31	9
Mon Jul 25 21:37:38 2016	1469493458	5	26	31	24
Mon Jul 25 21:37:38 2016	1469493458	6	25	31	17
Mon Jul 25 21:37:38 2016	1469493458	5	26	31	24
Mon Jul 25 21:37:38 2016	1469493458	12	19	31	15
Mon Jul 25 21:37:38 2016	1469493458	12	19	31	15
Mon Jul 25 21:37:38 2016	1469493458	6	25	31	24
Mon Jul 25 21:37:38 2016	1469493458	6	25	31	24
Mon Jul 25 21:37:38 2016	1469493458	6	25	31	24
Mon Jul 25 21:37:38 2016	1469493458	12	19	31	15
Mon Jul 25 21:37:38 2016	1469493458	6	24	31	24
Mon Jul 25 21:37:38 2016	1469493458	6	25	31	24
Mon Jul 25 21:37:38 2016	1469493458	6	24	31	24
Mon Jul 25 21:37:38 2016	1469493458	6	25	31	24
Mon Jul 25 21:37:38 2016	1469493458	6	24	31	24
Mon Jul 25 21:37:38 2016	1469493458	6	25	31	24
Mon Jul 25 21:37:38 2016	1469493458	6	25	31	24
Mon Jul 25 21:37:38 2016	1469493458	6	25	31	24
Mon Jul 25 21:37:38 2016	1469493458	16	15	31	11
Mon Jul 25 21:37:38 2016	1469493458	16	15	31	11
Mon Jul 25 21:37:38 2016	1469493458	16	15	31	11
Mon Jul 25 21:37:38 2016	1469493458	16	15	31	11
Mon Jul 25 21:37:38 2016	1469493458	16	15	31	11
Mon Jul 25 21:37:38 2016	1469493458	16	15	31	11
Mon Jul 25 21:37:38 2016	1469493458	13	18	31	17
Mon Jul 25 21:37:38 2016	1469493458	13	18	31	17
Mon Jul 25 21:37:38 2016	1469493458	0	31	31	28
Mon Jul 25 21:37:38 2016	1469493458	14	17	31	15
Mon Jul 25 21:37:38 2016	1469493458	14	17	31	15
Mon Jul 25 21:37:38 2016	1469493458	14	17	31	15
Mon Jul 25 21:37:38 2016	1469493458	14	17	31	15
Mon Jul 25 21:37:38 2016	1469493458	14	17	31	15
Mon Jul 25 21:37:38 2016	1469493458	14	17	31	15
Mon Jul 25 21:37:38 2016	1469493458	13	18	32	17
Mon Jul 25 21:37:38 2016	1469493458	17	15	32	11
Mon Jul 25 21:37:38 2016	1469493458	17	15	32	11
Mon Jul 25 21:37:38 2016	1469493458	14	18	32	14
Mon Jul 25 21:37:38 2016	1469493458	14	18	32	14
Mon Jul 25 21:37:38 2016	1469493458	14	18	32	14
Mon Jul 25 21:37:38 2016	1469493458	3	29	32	29
Mon Jul 25 21:37:38 2016	1469493458	14	18	32	14
Mon Jul 25 21:37:38 2016	1469493458	14	18	32	14
Mon Jul 25 21:37:38 2016	1469493458	14	18	32	14
Mon Jul 25 21:37:38 2016	1469493458	14	18	32	14
Mon Jul 25 21:37:38 2016	1469493458	14	18	32	14
Mon Jul 25 21:37:38 2016	1469493458	16	16	32	11
Mon Jul 25 21:37:38 2016	1469493458	16	16	32	11
Mon Jul 25 21:37:38 2016	1469493458	16	16	32	11
Mon Jul 25 21:37:38 2016	1469493458	16	16	32	11
Mon Jul 25 21:37:38 2016	1469493458	16	16	32	11
Mon Jul 25 21:37:38 2016	1469493458	14	18	32	11
Mon Jul 25 21:37:38 2016	1469493458	16	16	32	11
Mon Jul 25 21:37:38 2016	1469493458	16	16	32	11
Mon Jul 25 21:37:38 2016	1469493458	14	18	32	14
Mon Jul 25 21:37:38 2016	1469493458	16	16	32	11
Mon Jul 25 21:37:38 2016	1469493458	14	18	32	14
Mon Jul 25 21:37:38 2016	1469493458	16	16	32	10
Mon Jul 25 21:37:38 2016	1469493458	14	18	32	14
Mon Jul 25 21:37:38 2016	1469493458	16	16	32	11
Mon Jul 25 21:37:38 2016	1469493458	16	16	32	11
Mon Jul 25 21:37:38 2016	1469493458	14	18	32	14
Mon Jul 25 21:37:38 2016	1469493458	14	18	32	14
Mon Jul 25 21:37:38 2016	1469493458	14	18	32	15
Mon Jul 25 21:37:38 2016	1469493458	14	18	32	15
Mon Jul 25 21:37:38 2016	1469493458	14	18	32	14
Mon Jul 25 21:37:38 2016	1469493458	10	23	32	23
Mon Jul 25 21:37:38 2016	1469493458	6	27	33	24
Mon Jul 25 21:37:38 2016	1469493458	6	27	33	26
Mon Jul 25 21:37:38 2016	1469493458	6	27	33	26
Mon Jul 25 21:37:38 2016	1469493458	14	19	33	15
Mon Jul 25 21:37:38 2016	1469493458	8	25	33	17
Mon Jul 25 21:37:38 2016	1469493458	14	19	33	15
Mon Jul 25 21:37:38 2016	1469493458	14	19	33	15
Mon Jul 25 21:37:38 2016	1469493458	14	19	33	15
Mon Jul 25 21:37:38 2016	1469493458	14	19	33	15
Mon Jul 25 21:37:38 2016	1469493458	14	19	33	15
Mon Jul 25 21:37:38 2016	1469493458	14	19	33	15
Mon Jul 25 21:37:38 2016	1469493458	6	27	33	26
Mon Jul 25 21:37:38 2016	1469493458	14	19	33	15
Mon Jul 25 21:37:38 2016	1469493458	14	19	33	15
Mon Jul 25 21:37:38 2016	1469493458	14	19	33	15
Mon Jul 25 21:37:38 2016	1469493458	15	19	33	15
Mon Jul 25 21:37:38 2016	1469493458	15	19	33	15
Mon Jul 25 21:37:38 2016	1469493458	15	18	33	15
Mon Jul 25 21:37:38 2016	1469493458	15	19	33	15
Mon Jul 25 21:37:38 2016	1469493458	15	19	33	15
Mon Jul 25 21:37:38 2016	1469493458	15	18	33	15
Mon Jul 25 21:37:38 2016	1469493458	7	27	33	26
Mon Jul 25 21:37:38 2016	1469493458	6	27	33	26
Mon Jul 25 21:37:38 2016	1469493458	7	27	33	26
Mon Jul 25 21:37:38 2016	1469493458	14	19	33	15
Mon Jul 25 21:37:38 2016	1469493458	14	19	33	15
Mon Jul 25 21:37:38 2016	1469493458	14	19	33	15
Mon Jul 25 21:37:38 2016	1469493458	14	20	33	15
Mon Jul 25 21:37:38 2016	1469493458	5	28	33	24
Mon Jul 25 21:37:38 2016	1469493458	5	28	33	24
Mon Jul 25 21:37:38 2016	1469493458	14	19	34	15
Mon Jul 25 21:37:38 2016	1469493458	11	22	34	20
Mon Jul 25 21:37:38 2016	1469493458	11	22	34	20
Mon Jul 25 21:37:38 2016	1469493458	11	22	34	20
Mon Jul 25 21:37:38 2016	1469493458	11	23	34	20
Mon Jul 25 21:37:38 2016	1469493458	5	29	34	24
Mon Jul 25 21:37:38 2016	1469493458	11	22	34	20
Mon Jul 25 21:37:38 2016	1469493458	5	29	34	25
Mon Jul 25 21:37:38 2016	1469493458	5	29	34	25
Mon Jul 25 21:37:38 2016	1469493458	5	29	34	25
Mon Jul 25 21:37:38 2016	1469493458	5	29	34	25
Mon Jul 25 21:37:38 2016	1469493458	5	29	34	25
Mon Jul 25 21:37:38 2016	1469493458	5	29	34	25
Mon Jul 25 21:37:38 2016	1469493458	5	29	35	25
Mon Jul 25 21:37:38 2016	1469493458	4	31	35	25
Mon Jul 25 21:37:38 2016	1469493458	14	20	35	17
Mon Jul 25 21:37:38 2016	1469493458	14	20	35	17
Mon Jul 25 21:37:38 2016	1469493458	14	20	35	17
Mon Jul 25 21:37:38 2016	1469493458	15	20	35	17
Mon Jul 25 21:37:38 2016	1469493458	14	21	35	17
Mon Jul 25 21:37:38 2016	1469493458	15	20	35	18
Mon Jul 25 21:37:38 2016	1469493458	14	21	35	17
Mon Jul 25 21:37:38 2016	1469493458	15	20	35	18
Mon Jul 25 21:37:38 2016	1469493458	14	21	35	17
Mon Jul 25 21:37:38 2016	1469493458	14	21	35	17
Mon Jul 25 21:37:38 2016	1469493458	14	21	35	17
Mon Jul 25 21:37:38 2016	1469493458	14	21	35	17
Mon Jul 25 21:37:38 2016	1469493458	14	21	35	17
Mon Jul 25 21:37:38 2016	1469493458	14	21	35	17
Mon Jul 25 21:37:38 2016	1469493458	14	21	35	17
Mon Jul 25 21:37:38 2016	1469493458	14	21	35	17
Mon Jul 25 21:37:38 2016	1469493458	14	21	35	17
Mon Jul 25 21:37:38 2016	1469493458	15	20	35	18
Mon Jul 25 21:37:38 2016	1469493458	15	20	35	18
Mon Jul 25 21:37:38 2016	1469493458	15	20	35	18
Mon Jul 25 21:37:38 2016	1469493458	15	20	35	18
Mon Jul 25 21:37:38 2016	1469493458	15	20	35	18
Mon Jul 25 21:37:38 2016	1469493458	15	20	35	18
Mon Jul 25 21:37:38 2016	1469493458	15	20	35	17
Mon Jul 25 21:37:38 2016	1469493458	15	20	35	17
Mon Jul 25 21:37:38 2016	1469493458	15	20	35	17
Mon Jul 25 21:37:38 2016	1469493458	15	20	35	17
Mon Jul 25 21:37:38 2016	1469493458	15	20	35	17
Mon Jul 25 21:37:38 2016	1469493458	15	20	35	17
Mon Jul 25 21:37:38 2016	1469493458	15	20	35	17
Mon Jul 25 21:37:38 2016	1469493458	15	20	35	17
Mon Jul 25 21:37:38 2016	1469493458	15	20	35	17
Mon Jul 25 21:37:38 2016	1469493458	15	20	35	17
Mon Jul 25 21:37:38 2016	1469493458	15	21	35	17
Mon Jul 25 21:37:38 2016	1469493458	15	20	35	18
Mon Jul 25 21:37:38 2016	1469493458	15	20	35	17
Mon Jul 25 21:37:38 2016	1469493458	15	20	35	17
Mon Jul 25 21:37:38 2016	1469493458	15	20	35	17
Mon Jul 25 21:37:38 2016	1469493458	15	20	35	18
Mon Jul 25 21:37:38 2016	1469493458	13	22	35	19
Mon Jul 25 21:37:38 2016	1469493458	13	22	35	19
Mon Jul 25 21:37:38 2016	1469493458	13	22	35	19
Mon Jul 25 21:37:38 2016	1469493458	13	22	35	19
Mon Jul 25 21:37:38 2016	1469493458	14	22	35	19
Mon Jul 25 21:37:38 2016	1469493458	13	22	35	19
Mon Jul 25 21:37:38 2016	1469493458	14	22	35	19
Mon Jul 25 21:37:38 2016	1469493458	14	22	35	20
Mon Jul 25 21:37:38 2016	1469493458	14	22	35	20
Mon Jul 25 21:37:38 2016	1469493458	14	22	35	20
Mon Jul 25 21:37:38 2016	1469493458	11	24	35	20
Mon Jul 25 21:37:38 2016	1469493458	11	24	35	20
Mon Jul 25 21:37:38 2016	1469493458	11	24	35	20
Mon Jul 25 21:37:38 2016	1469493458	11	24	35	20
Mon Jul 25 21:37:38 2016	1469493458	11	24	35	20
Mon Jul 25 21:37:38 2016	1469493458	15	21	35	18
Mon Jul 25 21:37:38 2016	1469493458	11	24	35	20
Mon Jul 25 21:37:38 2016	1469493458	11	24	35	20
Mon Jul 25 21:37:38 2016	1469493458	5	31	36	31
Mon Jul 25 21:37:38 2016	1469493458	5	31	36	31
Mon Jul 25 21:37:38 2016	1469493458	16	20	36	16
Mon Jul 25 21:37:38 2016	1469493458	16	20	36	16
Mon Jul 25 21:37:38 2016	1469493458	16	20	36	16
Mon Jul 25 21:37:38 2016	1469493458	16	20	36	16
Mon Jul 25 21:37:38 2016	1469493458	13	23	36	22
Mon Jul 25 21:37:38 2016	1469493458	13	23	37	22
Mon Jul 25 21:37:38 2016	1469493458	13	23	37	22
Mon Jul 25 21:37:38 2016	1469493458	13	23	37	22
Mon Jul 25 21:37:38 2016	1469493458	13	23	37	22
Mon Jul 25 21:37:38 2016	1469493458	13	23	37	22
Mon Jul 25 21:37:38 2016	1469493458	13	23	37	22
Mon Jul 25 21:37:38 2016	1469493458	13	23	37	22
Mon Jul 25 21:37:38 2016	1469493458	13	23	37	22
Mon Jul 25 21:37:38 2016	1469493458	13	23	37	22
Mon Jul 25 21:37:38 2016	1469493458	7	30	37	30
Mon Jul 25 21:37:38 2016	1469493458	7	30	37	30
Mon Jul 25 21:37:38 2016	1469493458	6	30	37	30
Mon Jul 25 21:37:38 2016	1469493458	7	30	37	30
Mon Jul 25 21:37:38 2016	1469493458	7	30	37	30
Mon Jul 25 21:37:38 2016	1469493458	7	30	37	30
Mon Jul 25 21:37:38 2016	1469493458	7	30	37	30
Mon Jul 25 21:37:38 2016	1469493458	7	30	37	30
Mon Jul 25 21:37:38 2016	1469493458	17	21	37	16
Mon Jul 25 21:37:38 2016	1469493458	16	21	37	19
Mon Jul 25 21:37:38 2016	1469493458	17	21	37	16
Mon Jul 25 21:37:38 2016	1469493458	17	21	37	16
Mon Jul 25 21:37:38 2016	1469493458	16	21	37	16
Mon Jul 25 21:37:38 2016	1469493458	16	21	38	19
Mon Jul 25 21:37:38 2016	1469493458	16	21	38	19
Mon Jul 25 21:37:38 2016	1469493458	17	21	38	19
Mon Jul 25 21:37:38 2016	1469493458	16	21	38	19
Mon Jul 25 21:37:38 2016	1469493458	16	21	38	19
Mon Jul 25 21:37:38 2016	1469493458	4	34	38	29
Mon Jul 25 21:37:38 2016	1469493458	4	34	38	29
Mon Jul 25 21:37:38 2016	1469493458	4	34	38	29
Mon Jul 25 21:37:38 2016	1469493458	4	34	38	30
Mon Jul 25 21:37:38 2016	1469493458	14	27	41	22
Mon Jul 25 21:37:38 2016	1469493458	14	27	41	22
Mon Jul 25 21:37:38 2016	1469493458	30	12	42	6
Mon Jul 25 21:37:38 2016	1469493458	30	12	42	6
Mon Jul 25 21:37:38 2016	1469493458	30	12	42	6
Mon Jul 25 21:37:38 2016	1469493458	30	12	42	6
Mon Jul 25 21:37:38 2016	1469493458	30	13	43	6
Mon Jul 25 21:37:38 2016	1469493458	30	12	43	7
Mon Jul 25 21:37:38 2016	1469493458	30	13	43	6
Mon Jul 25 21:37:38 2016	1469493458	30	13	43	7
Mon Jul 25 21:37:38 2016	1469493458	30	13	44	8
Mon Jul 25 21:37:38 2016	1469493458	30	14	44	8
Mon Jul 25 21:37:38 2016	1469493458	30	14	44	8
Mon Jul 25 21:37:38 2016	1469493458	30	14	44	8
Mon Jul 25 21:37:38 2016	1469493458	31	13	44	7
Mon Jul 25 21:37:38 2016	1469493458	30	14	44	8
Mon Jul 25 21:37:38 2016	1469493458	30	14	44	8
Mon Jul 25 21:37:38 2016	1469493458	32	13	44	7
Mon Jul 25 21:37:38 2016	1469493458	30	14	44	8
Mon Jul 25 21:37:38 2016	1469493458	31	13	44	7
Mon Jul 25 21:37:38 2016	1469493458	32	13	45	7
Mon Jul 25 21:37:38 2016	1469493458	32	13	45	7
Mon Jul 25 21:37:38 2016	1469493458	30	15	45	8
Mon Jul 25 21:37:38 2016	1469493458	32	13	45	7
Mon Jul 25 21:37:38 2016	1469493458	32	13	45	9
Mon Jul 25 21:37:38 2016	1469493458	32	13	45	9
Mon Jul 25 21:37:38 2016	1469493458	30	15	45	8
Mon Jul 25 21:37:38 2016	1469493458	32	13	45	9
Mon Jul 25 21:37:38 2016	1469493458	32	13	45	9
Mon Jul 25 21:37:38 2016	1469493458	32	13	45	9
Mon Jul 25 21:37:38 2016	1469493458	32	14	45	7
Mon Jul 25 21:37:38 2016	1469493458	32	14	45	9
Mon Jul 25 21:37:38 2016	1469493458	32	13	45	9
Mon Jul 25 21:37:38 2016	1469493458	32	13	45	9
Mon Jul 25 21:37:38 2016	1469493458	33	13	45	9
Mon Jul 25 21:37:38 2016	1469493458	32	13	46	9
Mon Jul 25 21:37:38 2016	1469493458	32	13	46	10
Mon Jul 25 21:37:38 2016	1469493458	32	13	46	9
Mon Jul 25 21:37:38 2016	1469493458	32	13	46	5
Mon Jul 25 21:37:38 2016	1469493458	30	16	46	8
Mon Jul 25 21:37:38 2016	1469493458	32	13	46	10
Mon Jul 25 21:37:38 2016	1469493458	32	13	46	9
Mon Jul 25 21:37:38 2016	1469493458	32	13	46	10
Mon Jul 25 21:37:38 2016	1469493458	32	13	46	10
Mon Jul 25 21:37:38 2016	1469493458	32	14	46	9
Mon Jul 25 21:37:38 2016	1469493458	33	13	46	10
Mon Jul 25 21:37:38 2016	1469493458	30	16	46	8
Mon Jul 25 21:37:38 2016	1469493458	32	13	46	10
Mon Jul 25 21:37:38 2016	1469493458	32	14	46	9
Mon Jul 25 21:37:38 2016	1469493458	32	14	46	10
Mon Jul 25 21:37:38 2016	1469493458	32	14	46	9
Mon Jul 25 21:37:38 2016	1469493458	30	16	46	8
Mon Jul 25 21:37:38 2016	1469493458	32	13	46	10
Mon Jul 25 21:37:38 2016	1469493458	32	14	46	9
Mon Jul 25 21:37:38 2016	1469493458	33	13	46	9
Mon Jul 25 21:37:38 2016	1469493458	32	13	46	10
Mon Jul 25 21:37:38 2016	1469493458	32	14	46	9
Mon Jul 25 21:37:38 2016	1469493458	32	14	46	9
Mon Jul 25 21:37:38 2016	1469493458	32	14	46	10
Mon Jul 25 21:37:38 2016	1469493458	32	14	46	9
Mon Jul 25 21:37:38 2016	1469493458	32	14	46	10
Mon Jul 25 21:37:38 2016	1469493458	32	14	46	9
Mon Jul 25 21:37:38 2016	1469493458	32	14	46	10
Mon Jul 25 21:37:38 2016	1469493458	32	14	46	9
Mon Jul 25 21:37:38 2016	1469493458	32	14	46	9
Mon Jul 25 21:37:38 2016	1469493458	32	14	46	9
Mon Jul 25 21:37:38 2016	1469493458	32	14	46	9
Mon Jul 25 21:37:38 2016	1469493458	32	14	46	9
Mon Jul 25 21:37:38 2016	1469493458	33	14	46	10
Mon Jul 25 21:37:38 2016	1469493458	33	13	46	9
Mon Jul 25 21:37:38 2016	1469493458	33	14	46	9
Mon Jul 25 21:37:38 2016	1469493458	33	13	46	9
Mon Jul 25 21:37:38 2016	1469493458	33	14	46	9
Mon Jul 25 21:37:38 2016	1469493458	31	15	46	9
Mon Jul 25 21:37:38 2016	1469493458	33	14	46	9
Mon Jul 25 21:37:38 2016	1469493458	33	14	46	9
Mon Jul 25 21:37:38 2016	1469493458	31	15	47	9
Mon Jul 25 21:37:38 2016	1469493458	33	14	47	10
Mon Jul 25 21:37:38 2016	1469493458	32	14	47	5
Mon Jul 25 21:37:38 2016	1469493458	32	15	47	9
Mon Jul 25 21:37:38 2016	1469493458	32	14	47	5
Mon Jul 25 21:37:38 2016	1469493458	32	15	47	9
Mon Jul 25 21:37:38 2016	1469493458	32	15	47	9
Mon Jul 25 21:37:38 2016	1469493458	31	15	47	9
Mon Jul 25 21:37:38 2016	1469493458	32	15	47	9
Mon Jul 25 21:37:38 2016	1469493458	30	16	47	9
Mon Jul 25 21:37:38 2016	1469493458	32	15	47	5
Mon Jul 25 21:37:38 2016	1469493458	32	15	47	9
Mon Jul 25 21:37:38 2016	1469493458	33	14	47	9
Mon Jul 25 21:37:38 2016	1469493458	32	15	47	9
Mon Jul 25 21:37:38 2016	1469493458	30	17	47	8
Mon Jul 25 21:37:38 2016	1469493458	33	14	47	9
Mon Jul 25 21:37:38 2016	1469493458	32	15	47	9
Mon Jul 25 21:37:38 2016	1469493458	33	14	47	9
Mon Jul 25 21:37:38 2016	1469493458	32	15	47	5
Mon Jul 25 21:37:38 2016	1469493458	32	15	47	5
Mon Jul 25 21:37:38 2016	1469493458	32	15	47	5
Mon Jul 25 21:37:38 2016	1469493458	30	18	47	8
Mon Jul 25 21:37:38 2016	1469493458	32	15	47	5
Mon Jul 25 21:37:38 2016	1469493458	32	15	47	5
Mon Jul 25 21:37:38 2016	1469493458	32	15	47	5
Mon Jul 25 21:37:38 2016	1469493458	32	16	47	9
Mon Jul 25 21:37:38 2016	1469493458	31	16	48	9
Mon Jul 25 21:37:38 2016	1469493458	30	18	48	8
Mon Jul 25 21:37:38 2016	1469493458	32	16	48	9
Mon Jul 25 21:37:38 2016	1469493458	32	16	48	9
Mon Jul 25 21:37:38 2016	1469493458	32	16	48	15
Mon Jul 25 21:37:38 2016	1469493458	32	16	48	15
Mon Jul 25 21:37:38 2016	1469493458	32	16	48	15
Mon Jul 25 21:37:38 2016	1469493458	32	16	48	15
Mon Jul 25 21:37:38 2016	1469493458	32	16	48	15
Mon Jul 25 21:37:38 2016	1469493458	32	16	48	15
Mon Jul 25 21:37:38 2016	1469493458	32	16	48	15
Mon Jul 25 21:37:38 2016	1469493458	32	16	48	15
Mon Jul 25 21:37:38 2016	1469493458	32	16	48	15
Mon Jul 25 21:37:38 2016	1469493458	32	16	48	15
Mon Jul 25 21:37:38 2016	1469493458	32	16	48	15
Mon Jul 25 21:37:38 2016	1469493458	32	16	48	15
Mon Jul 25 21:37:38 2016	1469493458	32	17	48	9
Mon Jul 25 21:37:38 2016	1469493458	32	17	48	15
Mon Jul 25 21:37:38 2016	1469493458	32	17	49	15
Mon Jul 25 21:37:38 2016	1469493458	32	17	49	9
Mon Jul 25 21:37:38 2016	1469493458	32	17	49	15
Mon Jul 25 21:37:38 2016	1469493458	32	17	49	15
Mon Jul 25 21:37:38 2016	1469493458	32	17	49	9
Mon Jul 25 21:37:38 2016	1469493458	32	17	49	15
Mon Jul 25 21:37:38 2016	1469493458	32	17	49	15
Mon Jul 25 21:37:38 2016	1469493458	30	19	49	16
Mon Jul 25 21:37:38 2016	1469493458	30	20	49	19
Mon Jul 25 21:37:38 2016	1469493458	32	17	49	16
Mon Jul 25 21:37:38 2016	1469493458	30	20	49	19
Mon Jul 25 21:37:38 2016	1469493458	32	17	50	16
Mon Jul 25 21:37:38 2016	1469493458	32	18	50	11
Mon Jul 25 21:37:38 2016	1469493458	32	17	50	16
Mon Jul 25 21:37:38 2016	1469493458	32	18	50	16
Mon Jul 25 21:37:38 2016	1469493458	30	20	50	19
Mon Jul 25 21:37:38 2016	1469493458	32	18	50	11
Mon Jul 25 21:37:38 2016	1469493458	32	20	52	11
Mon Jul 25 21:37:38 2016	1469493458	32	20	52	11
Mon Jul 25 21:37:38 2016	1469493458	32	20	52	11
Mon Jul 25 21:37:38 2016	1469493458	32	21	52	17
Mon Jul 25 21:37:38 2016	1469493458	32	21	52	17
Mon Jul 25 21:37:38 2016	1469493458	31	21	52	17
Mon Jul 25 21:37:38 2016	1469493458	31	21	53	17
Mon Jul 25 21:37:38 2016	1469493458	31	21	53	17
Mon Jul 25 21:37:38 2016	1469493458	31	21	53	17
Mon Jul 25 21:37:38 2016	1469493458	31	21	53	17
Mon Jul 25 21:37:38 2016	1469493458	30	22	53	18
Mon Jul 25 21:37:38 2016	1469493458	31	22	53	18
Mon Jul 25 21:37:38 2016	1469493458	32	21	53	17
Mon Jul 25 21:37:38 2016	1469493458	30	22	53	18
Mon Jul 25 21:37:38 2016	1469493458	32	21	53	17
Mon Jul 25 21:37:38 2016	1469493458	31	21	53	17
Mon Jul 25 21:37:38 2016	1469493458	31	21	53	17
Mon Jul 25 21:37:38 2016	1469493458	32	21	53	17
Mon Jul 25 21:37:38 2016	1469493458	30	22	53	18
Mon Jul 25 21:37:38 2016	1469493458	32	21	53	17
Mon Jul 25 21:37:38 2016	1469493458	31	22	53	18
Mon Jul 25 21:37:38 2016	1469493458	30	23	53	18
Mon Jul 25 21:37:38 2016	1469493458	30	23	53	18
Mon Jul 25 21:37:38 2016	1469493458	31	21	53	17
Mon Jul 25 21:37:38 2016	1469493458	31	22	53	18
Mon Jul 25 21:37:38 2016	1469493458	31	22	53	18
Mon Jul 25 21:37:38 2016	1469493458	31	22	53	18
Mon Jul 25 21:37:38 2016	1469493458	31	22	53	18
Mon Jul 25 21:37:38 2016	1469493458	31	22	53	18
Mon Jul 25 21:37:38 2016	1469493458	31	22	53	18
Mon Jul 25 21:37:38 2016	1469493458	31	22	53	18
Mon Jul 25 21:37:38 2016	1469493458	31	22	53	18
Mon Jul 25 21:37:38 2016	1469493458	31	22	53	18
Mon Jul 25 21:37:38 2016	1469493458	31	22	53	18
Mon Jul 25 21:37:38 2016	1469493458	31	22	53	18
Mon Jul 25 21:37:38 2016	1469493458	31	22	53	18
Mon Jul 25 21:37:38 2016	1469493458	31	22	53	18
Mon Jul 25 21:37:38 2016	1469493458	31	22	53	18
Mon Jul 25 21:37:38 2016	1469493458	30	23	53	18
Mon Jul 25 21:37:38 2016	1469493458	30	23	53	19
Mon Jul 25 21:37:38 2016	1469493458	30	23	53	18
Mon Jul 25 21:37:38 2016	1469493458	31	23	53	18
Mon Jul 25 21:37:38 2016	1469493458	31	23	53	18
Mon Jul 25 21:37:38 2016	1469493458	32	21	53	11
Mon Jul 25 21:37:38 2016	1469493458	30	24	53	19
Mon Jul 25 21:37:38 2016	1469493458	30	23	53	19
Mon Jul 25 21:37:38 2016	1469493458	33	21	53	20
Mon Jul 25 21:37:38 2016	1469493458	30	24	53	19
Mon Jul 25 21:37:38 2016	1469493458	31	23	53	19
Mon Jul 25 21:37:38 2016	1469493458	30	24	53	19
Mon Jul 25 21:37:38 2016	1469493458	30	24	53	19
Mon Jul 25 21:37:38 2016	1469493458	30	24	53	19
Mon Jul 25 21:37:38 2016	1469493458	30	24	53	19
Mon Jul 25 21:37:38 2016	1469493458	30	24	53	19
Mon Jul 25 21:37:38 2016	1469493458	31	23	53	19
Mon Jul 25 21:37:38 2016	1469493458	30	24	54	19
Mon Jul 25 21:37:38 2016	1469493458	31	23	54	19
Mon Jul 25 21:37:38 2016	1469493458	30	23	54	19
Mon Jul 25 21:37:38 2016	1469493458	30	24	54	19
Mon Jul 25 21:37:38 2016	1469493458	30	23	54	18
Mon Jul 25 21:37:38 2016	1469493458	30	23	54	18
Mon Jul 25 21:37:38 2016	1469493458	30	24	54	19
Mon Jul 25 21:37:38 2016	1469493458	30	23	54	19
Mon Jul 25 21:37:38 2016	1469493458	30	23	54	19
Mon Jul 25 21:37:38 2016	1469493458	30	23	54	19
Mon Jul 25 21:37:38 2016	1469493458	30	24	54	19
Mon Jul 25 21:37:38 2016	1469493458	30	23	54	19
Mon Jul 25 21:37:38 2016	1469493458	30	24	54	19
Mon Jul 25 21:37:38 2016	1469493458	30	24	54	19
Mon Jul 25 21:37:38 2016	1469493458	30	23	54	19
Mon Jul 25 21:37:38 2016	1469493458	30	24	54	19
Mon Jul 25 21:37:38 2016	1469493458	30	24	54	19
Mon Jul 25 21:37:38 2016	1469493458	30	24	54	19
Mon Jul 25 21:37:38 2016	1469493458	30	24	54	19
Mon Jul 25 21:37:38 2016	1469493458	30	24	54	20
Mon Jul 25 21:37:38 2016	1469493458	30	24	54	20
Mon Jul 25 21:37:38 2016	1469493458	29	26	55	24
Mon Jul 25 21:37:38 2016	1469493458	29	25	55	24
Mon Jul 25 21:37:38 2016	1469493458	29	25	55	24
Mon Jul 25 21:37:38 2016	1469493458	30	25	55	24
Mon Jul 25 21:37:38 2016	1469493458	29	25	55	24
Mon Jul 25 21:37:38 2016	1469493458	29	26	55	24
Mon Jul 25 21:37:38 2016	1469493458	29	26	55	24
Mon Jul 25 21:37:38 2016	1469493458	29	26	55	24
Mon Jul 25 21:37:38 2016	1469493458	29	26	55	24
Mon Jul 25 21:37:38 2016	1469493458	29	26	55	24
Mon Jul 25 21:37:38 2016	1469493458	29	26	55	24
Mon Jul 25 21:37:38 2016	1469493458	30	25	55	24
Mon Jul 25 21:37:38 2016	1469493458	30	25	55	24
Mon Jul 25 21:37:38 2016	1469493458	30	25	55	24
Mon Jul 25 21:37:38 2016	1469493458	30	25	55	24
Mon Jul 25 21:37:38 2016	1469493458	30	25	55	24
Mon Jul 25 21:37:38 2016	1469493458	29	26	55	24
Mon Jul 25 21:37:38 2016	1469493458	29	29	58	27
Mon Jul 25 21:37:38 2016	1469493458	33	219	251	211
Mon Jul 25 21:37:38 2016	1469493458	33	219	252	211
Mon Jul 25 21:37:38 2016	1469493458	33	219	252	211
Mon Jul 25 21:37:38 2016	1469493458	33	219	252	211
Mon Jul 25 21:37:38 2016	1469493458	33	219	252	211
Mon Jul 25 21:37:38 2016	1469493458	33	219	252	211
Mon Jul 25 21:37:38 2016	1469493458	33	219	252	211
Mon Jul 25 21:37:38 2016	1469493458	33	219	252	211
Mon Jul 25 21:37:38 2016	1469493458	33	219	252	211
Mon Jul 25 21:37:38 2016	1469493458	33	219	252	211
Mon Jul 25 21:37:38 2016	1469493458	33	220	252	211
Mon Jul 25 21:37:38 2016	1469493458	33	220	252	211
Mon Jul 25 21:37:38 2016	1469493458	33	220	252	211
Mon Jul 25 21:37:38 2016	1469493458	33	220	253	213
Mon Jul 25 21:37:38 2016	1469493458	33	220	253	213
Mon Jul 25 21:37:38 2016	1469493458	33	220	253	213
Mon Jul 25 21:37:38 2016	1469493458	33	220	253	213
Mon Jul 25 21:37:38 2016	1469493458	33	220	253	213
Mon Jul 25 21:37:38 2016	1469493458	33	226	259	221
Mon Jul 25 21:37:38 2016	1469493458	33	227	260	221
Mon Jul 25 21:37:38 2016	1469493458	33	227	260	221
Mon Jul 25 21:37:38 2016	1469493458	33	227	260	221
Mon Jul 25 21:37:38 2016	1469493458	33	227	260	221
Mon Jul 25 21:37:38 2016	1469493458	33	227	260	221
Mon Jul 25 21:37:38 2016	1469493458	33	227	260	221
Mon Jul 25 21:37:38 2016	1469493458	33	227	261	221
Mon Jul 25 21:37:38 2016	1469493458	33	235	268	228
Mon Jul 25 21:37:38 2016	1469493458	33	235	268	228
Mon Jul 25 21:37:38 2016	1469493458	33	235	268	228
Mon Jul 25 21:37:38 2016	1469493458	33	235	268	228
Mon Jul 25 21:37:38 2016	1469493458	33	235	268	228
Mon Jul 25 21:37:38 2016	1469493458	33	235	268	228
Mon Jul 25 21:37:38 2016	1469493458	33	235	268	231
Mon Jul 25 21:37:38 2016	1469493458	33	235	268	231
Mon Jul 25 21:37:38 2016	1469493458	33	235	268	231
Mon Jul 25 21:37:38 2016	1469493458	33	235	269	231
Mon Jul 25 21:37:38 2016	1469493458	33	235	269	231
Mon Jul 25 21:37:38 2016	1469493458	33	235	269	231
Mon Jul 25 21:37:38 2016	1469493458	33	235	269	231
Mon Jul 25 21:37:38 2016	1469493458	33	236	269	231
Mon Jul 25 21:37:38 2016	1469493458	33	236	269	231
Mon Jul 25 21:37:38 2016	1469493458	34	236	269	231
Mon Jul 25 21:37:38 2016	1469493458	33	236	269	231
Mon Jul 25 21:37:38 2016	1469493458	34	236	269	231
Mon Jul 25 21:37:38 2016	1469493458	34	236	270	231
Mon Jul 25 21:37:38 2016	1469493458	34	236	270	231
Mon Jul 25 21:37:38 2016	1469493458	34	236	270	231
Mon Jul 25 21:37:38 2016	1469493458	34	236	270	231
Mon Jul 25 21:37:38 2016	1469493458	34	236	270	231
Mon Jul 25 21:37:38 2016	1469493458	34	236	270	231
Mon Jul 25 21:37:38 2016	1469493458	34	236	270	232
Mon Jul 25 21:37:38 2016	1469493458	34	236	270	232
Mon Jul 25 21:37:38 2016	1469493458	34	236	270	232
Mon Jul 25 21:37:38 2016	1469493458	34	237	270	232
Mon Jul 25 21:37:38 2016	1469493458	34	237	270	232
Mon Jul 25 21:37:38 2016	1469493458	34	237	271	233
Mon Jul 25 21:37:38 2016	1469493458	34	237	271	233
Mon Jul 25 21:37:38 2016	1469493458	34	237	271	233
Mon Jul 25 21:37:38 2016	1469493458	34	237	271	233
Mon Jul 25 21:37:38 2016	1469493458	34	237	271	233
Mon Jul 25 21:37:38 2016	1469493458	34	237	271	233
Mon Jul 25 21:37:38 2016	1469493458	34	237	271	233
Mon Jul 25 21:37:38 2016	1469493458	34	237	271	234
Mon Jul 25 21:37:38 2016	1469493458	34	237	271	234
Mon Jul 25 21:37:38 2016	1469493458	34	237	271	234
Mon Jul 25 21:37:38 2016	1469493458	34	237	271	234
Mon Jul 25 21:37:38 2016	1469493458	34	238	272	234
Mon Jul 25 21:37:38 2016	1469493458	34	238	272	234
Mon Jul 25 21:37:38 2016	1469493458	34	238	272	234
Mon Jul 25 21:37:38 2016	1469493458	34	238	272	234
Mon Jul 25 21:37:38 2016	1469493458	34	238	272	234
Mon Jul 25 21:37:38 2016	1469493458	34	238	272	234
Mon Jul 25 21:37:38 2016	1469493458	34	238	272	234
Mon Jul 25 21:37:38 2016	1469493458	34	238	272	235
Mon Jul 25 21:37:38 2016	1469493458	34	238	272	235
Mon Jul 25 21:37:38 2016	1469493458	34	238	272	235
Mon Jul 25 21:37:38 2016	1469493458	34	238	272	235
Mon Jul 25 21:37:38 2016	1469493458	34	238	273	235
Mon Jul 25 21:37:38 2016	1469493458	34	238	273	235
Mon Jul 25 21:37:38 2016	1469493458	34	238	273	235
Mon Jul 25 21:37:38 2016	1469493458	34	238	273	235
Mon Jul 25 21:37:38 2016	1469493458	34	239	273	235
Mon Jul 25 21:37:38 2016	1469493458	34	243	278	239
Mon Jul 25 21:37:38 2016	1469493458	34	243	278	241
Mon Jul 25 21:37:38 2016	1469493458	34	243	278	241
Mon Jul 25 21:37:38 2016	1469493458	34	244	278	241
Mon Jul 25 21:37:38 2016	1469493458	35	243	278	241
Mon Jul 25 21:37:38 2016	1469493458	35	246	281	241
Mon Jul 25 21:37:38 2016	1469493458	35	246	281	242
Mon Jul 25 21:37:38 2016	1469493458	36	411	447	411
Mon Jul 25 21:37:38 2016	1469493458	36	411	447	411
Mon Jul 25 21:37:38 2016	1469493458	36	411	447	411
Mon Jul 25 21:37:38 2016	1469493458	36	412	447	412
Mon Jul 25 21:37:38 2016	1469493458	35	412	447	412
Mon Jul 25 21:37:38 2016	1469493458	35	412	448	412
Mon Jul 25 21:37:38 2016	1469493458	35	413	448	413
Mon Jul 25 21:37:38 2016	1469493458	35	413	448	413
Mon Jul 25 21:37:38 2016	1469493458	35	413	448	413
Mon Jul 25 21:37:38 2016	1469493458	35	414	449	414
Mon Jul 25 21:37:38 2016	1469493458	35	414	449	414
Mon Jul 25 21:37:38 2016	1469493458	35	415	449	415
Mon Jul 25 21:37:38 2016	1469493458	35	415	450	415
Mon Jul 25 21:37:38 2016	1469493458	35	415	450	415
Mon Jul 25 21:37:38 2016	1469493458	35	415	450	415
Mon Jul 25 21:37:38 2016	1469493458	35	416	451	416
Mon Jul 25 21:37:38 2016	1469493458	35	416	451	416
Mon Jul 25 21:37:38 2016	1469493458	35	416	451	414
Mon Jul 25 21:37:38 2016	1469493458	35	416	451	416
Mon Jul 25 21:37:38 2016	1469493458	35	416	451	414
Mon Jul 25 21:37:38 2016	1469493458	35	416	451	416
Mon Jul 25 21:37:38 2016	1469493458	35	416	452	416
Mon Jul 25 21:37:38 2016	1469493458	35	417	452	417
Mon Jul 25 21:37:38 2016	1469493458	35	417	452	417
Mon Jul 25 21:37:38 2016	1469493458	35	417	452	417
Mon Jul 25 21:37:38 2016	1469493458	35	417	452	417
Mon Jul 25 21:37:38 2016	1469493458	35	418	452	417
Mon Jul 25 21:37:38 2016	1469493458	35	418	452	417
Mon Jul 25 21:37:38 2016	1469493458	35	418	452	417
Mon Jul 25 21:37:38 2016	1469493458	35	417	452	412
Mon Jul 25 21:37:38 2016	1469493458	35	417	453	417
Mon Jul 25 21:37:38 2016	1469493458	35	417	453	415
Mon Jul 25 21:37:38 2016	1469493458	35	418	453	417
Mon Jul 25 21:37:38 2016	1469493458	36	418	453	416
Mon Jul 25 21:37:38 2016	1469493458	36	418	453	418
Mon Jul 25 21:37:38 2016	1469493458	35	418	453	417
Mon Jul 25 21:37:38 2016	1469493458	36	418	453	418
Mon Jul 25 21:37:38 2016	1469493458	36	418	454	414
Mon Jul 25 21:37:38 2016	1469493458	36	418	454	418
